index_code.string(),date.date(2006-01-02),open.double(),close.double(),low.double(),high.double(),volume.double(),money.double(),change.double()
sz399015,2019-06-10,1722.44,1743.34,1714.96,1749.06,4970053300.0,39268040000.0,0.014643401739
sz399015,2019-06-06,1761.15,1718.18,1710.9,1761.21,5677914800.0,44232190000.0,-0.0268797716409
sz399015,2019-06-05,1781.0,1765.64,1761.19,1787.0,5517498800.0,46387380000.0,0.000152942442661
sz399015,2019-06-04,1792.18,1765.37,1754.17,1794.92,5916943900.0,49190060000.0,-0.0163370832846
sz399015,2019-06-03,1825.25,1794.69,1785.72,1829.7,6942809300.0,57673420000.0,-0.015118754939
sz399015,2019-05-31,1824.13,1822.24,1817.05,1840.78,5758155000.0,49374310000.0,-0.0023432538379
sz399015,2019-05-30,1831.65,1826.52,1800.8,1831.78,6240772100.0,52445840000.0,-0.00574284050145
sz399015,2019-05-29,1825.29,1837.07,1822.96,1850.81,5762739000.0,48026500000.0,0.00389630261101
sz399015,2019-05-28,1831.65,1829.94,1823.35,1850.86,6345032100.0,52472340000.0,-0.000169375768338
sz399015,2019-05-27,1777.87,1830.25,1769.07,1832.35,5727810800.0,47897460000.0,0.030604200687
sz399015,2019-05-24,1784.77,1775.9,1770.94,1803.0,5290468900.0,43277430000.0,-0.0125934780796
sz399015,2019-05-23,1839.63,1798.55,1792.13,1839.66,6700717100.0,57309030000.0,-0.0251180287172
sz399015,2019-05-22,1850.68,1844.89,1829.98,1864.11,6919761300.0,59049760000.0,-0.00379606030498
sz399015,2019-05-21,1816.52,1851.92,1810.22,1855.07,7029253600.0,58724470000.0,0.0179803321222
sz399015,2019-05-20,1819.11,1819.21,1777.52,1821.73,6590289400.0,54033300000.0,-0.000851292866715
sz399015,2019-05-17,1886.79,1820.76,1810.78,1888.56,8443465300.0,67813920000.0,-0.0348578334712
sz399015,2019-05-16,1875.64,1886.52,1870.89,1891.38,7831718300.0,63090130000.0,0.00556479467827
sz399015,2019-05-15,1851.85,1876.08,1848.42,1877.29,7105519500.0,57945170000.0,0.0217410247473
sz399015,2019-05-14,1821.84,1836.16,1819.61,1854.08,6401494500.0,53023210000.0,-0.00661656901412
sz399015,2019-05-13,1840.5,1848.39,1834.24,1860.52,6718566200.0,55534990000.0,-0.0054398708636
sz399015,2019-05-10,1806.83,1858.5,1771.72,1858.5,8408238900.0,67693420000.0,0.0390750359217
sz399015,2019-05-09,1786.17,1788.61,1784.17,1809.48,5880939700.0,47286150000.0,-0.00631121629805
sz399015,2019-05-08,1763.37,1799.97,1753.24,1826.67,6808182900.0,54736380000.0,-0.00139806600869
sz399015,2019-05-07,1793.18,1802.49,1769.41,1818.89,6847245600.0,55474780000.0,0.0103473596296
sz399015,2019-05-06,1870.9,1784.03,1771.78,1872.24,7980056400.0,62656450000.0,-0.0793006105208
sz399015,2019-04-30,1910.95,1937.69,1910.95,1952.09,6454987200.0,55699350000.0,0.00983943173113
sz399015,2019-04-29,1996.8,1918.81,1915.35,2003.94,8841026900.0,74248590000.0,-0.038585643996
sz399015,2019-04-26,2009.34,1995.82,1994.41,2029.17,7991026000.0,70067200000.0,-0.0135378927546
sz399015,2019-04-25,2105.13,2023.21,2023.05,2111.47,10400134400.0,93666430000.0,-0.0429334380337
sz399015,2019-04-24,2084.01,2113.97,2064.98,2113.97,8834035000.0,79940900000.0,0.0157213213213
sz399015,2019-04-23,2123.52,2081.25,2075.84,2123.52,10393660900.0,91321000000.0,-0.02295612985
sz399015,2019-04-22,2157.04,2130.15,2122.86,2159.54,11321187700.0,95909880000.0,-0.00947212767145
sz399015,2019-04-19,2126.54,2150.52,2108.61,2150.52,10375087600.0,87876340000.0,0.00948214352773
sz399015,2019-04-18,2140.8,2130.32,2125.83,2149.72,10700251000.0,93277700000.0,-0.00562461199513
sz399015,2019-04-17,2126.21,2142.37,2124.18,2155.5,10975666200.0,98681090000.0,0.00789427876495
sz399015,2019-04-16,2067.51,2125.59,2052.27,2125.59,9953326100.0,88240100000.0,0.0221000851113
sz399015,2019-04-15,2125.09,2079.63,2078.95,2136.82,9733686800.0,86109500000.0,-0.00937450876717
sz399015,2019-04-12,2092.64,2099.31,2080.45,2106.91,9282345700.0,77781330000.0,0.00149797010739
sz399015,2019-04-11,2137.0,2096.17,2095.17,2143.43,10666113400.0,91141470000.0,-0.0183436829732
sz399015,2019-04-10,2125.86,2135.34,2110.46,2153.86,10992224400.0,94317600000.0,-0.00194904440736
sz399015,2019-04-09,2120.85,2139.51,2107.77,2145.23,10446093200.0,90072190000.0,0.00706045158648
sz399015,2019-04-08,2152.08,2124.51,2092.18,2159.2,12508223200.0,1.0911531e+11,-0.0077761587177
sz399015,2019-04-04,2142.73,2141.16,2117.13,2147.89,12602893000.0,1.0869791e+11,0.00244388887328
sz399015,2019-04-03,2108.4,2135.94,2097.5,2135.94,12480674300.0,1.0392618e+11,0.00837027490192
sz399015,2019-04-02,2120.67,2118.21,2105.97,2140.94,13137407300.0,1.1664981e+11,0.00622295271981
sz399015,2019-04-01,2042.11,2105.11,2042.09,2105.11,12442038100.0,1.0805808e+11,0.0410822733477
sz399015,2019-03-29,1966.9,2022.04,1947.47,2022.04,9759011300.0,81411180000.0,0.0280810042658
sz399015,2019-03-28,1981.57,1966.81,1965.76,2011.88,8672737400.0,73027700000.0,-0.0128239876328
sz399015,2019-03-27,1997.06,1992.36,1948.8,2003.79,8821795300.0,73146670000.0,0.0036269116847
sz399015,2019-03-26,2053.61,1985.16,1980.29,2061.67,10723144400.0,87940210000.0,-0.0303995311126
sz399015,2019-03-25,2026.17,2047.4,2016.88,2072.93,10799647300.0,88606440000.0,-0.00599104741375
sz399015,2019-03-22,2046.55,2059.74,2015.18,2062.33,10975870400.0,90450450000.0,0.00569804743002
sz399015,2019-03-21,2023.04,2048.07,2017.59,2058.81,11376797200.0,94387630000.0,0.0129382613469
sz399015,2019-03-20,2028.67,2021.91,1981.33,2031.38,9970029300.0,81919070000.0,-0.00526416774492
sz399015,2019-03-19,2022.27,2032.61,2015.7,2040.03,9986233200.0,83985320000.0,0.0061529170668
sz399015,2019-03-18,1985.36,2020.18,1964.32,2020.18,9819933600.0,81365840000.0,0.0220065969201
sz399015,2019-03-15,1960.35,1976.68,1951.28,1990.74,9544097900.0,77840200000.0,0.0145144734141
sz399015,2019-03-14,1996.51,1948.4,1924.96,2011.59,11201597700.0,90247720000.0,-0.034637890116
sz399015,2019-03-13,2074.06,2018.31,2001.94,2081.72,14474750300.0,1.2457541e+11,-0.0240893947673
sz399015,2019-03-12,2041.22,2068.13,2032.61,2085.07,15041989100.0,1.2780472e+11,0.0229961813181
sz399015,2019-03-11,1952.21,2021.64,1943.45,2021.64,12583333300.0,1.0628083e+11,0.0470695477429
sz399015,2019-03-08,1966.2,1930.76,1930.76,2029.86,15371878800.0,1.2482329e+11,-0.0407400783004
sz399015,2019-03-07,1975.33,2012.76,1965.58,2029.55,15672244200.0,1.2505924e+11,0.0178975103294
sz399015,2019-03-06,1947.28,1977.37,1922.75,1977.37,15611089300.0,1.218354e+11,0.0213688016529
sz399015,2019-03-05,1867.66,1936.0,1860.63,1936.0,13084183100.0,1.0217995e+11,0.033895318099
sz399015,2019-03-04,1854.66,1872.53,1854.13,1901.26,13172118900.0,1.0095681e+11,0.0188643313419
sz399015,2019-03-01,1832.63,1837.86,1812.47,1838.32,8524877600.0,63659410000.0,0.0046189755167
sz399015,2019-02-28,1821.94,1829.41,1816.08,1842.87,9685076000.0,69869180000.0,0.00398981417454
sz399015,2019-02-27,1823.45,1822.14,1800.13,1849.84,12194433100.0,90826560000.0,-0.00258366815191
sz399015,2019-02-26,1829.37,1826.86,1808.9,1868.54,14636559500.0,1.0967555e+11,0.000794342093009
sz399015,2019-02-25,1759.14,1825.41,1754.32,1825.63,13478231800.0,1.0192039e+11,0.051043322048
sz399015,2019-02-22,1693.05,1736.76,1692.61,1736.76,8631006600.0,64349330000.0,0.0239484948176
sz399015,2019-02-21,1700.63,1696.14,1690.79,1731.35,9254262000.0,68042410000.0,-0.0041509854921
sz399015,2019-02-20,1698.92,1703.21,1682.2,1704.76,8208418300.0,55809660000.0,0.000781488706607
sz399015,2019-02-19,1703.15,1701.88,1678.57,1710.05,9899478100.0,68873510000.0,0.00420711019324
sz399015,2019-02-18,1647.68,1694.75,1647.68,1694.75,8400130400.0,59716250000.0,0.035682857073
sz399015,2019-02-15,1632.42,1636.36,1629.81,1648.0,6370672100.0,44760120000.0,0.000868533401837
sz399015,2019-02-14,1627.59,1634.94,1621.94,1642.63,6353144200.0,44176090000.0,0.00463933046166
sz399015,2019-02-13,1598.28,1627.39,1595.79,1629.5,6580971400.0,47093130000.0,0.0191889776108
sz399015,2019-02-12,1574.25,1596.75,1571.99,1600.43,5382903300.0,37469930000.0,0.0139318393965
sz399015,2019-02-11,1534.51,1574.81,1534.46,1574.81,4464952700.0,31184330000.0,0.0295567468619
sz399015,2019-02-01,1493.29,1529.6,1493.29,1529.6,3742574400.0,24372710000.0,0.02791554104
sz399015,2019-01-31,1505.24,1488.06,1479.45,1518.64,4746472400.0,28761620000.0,-0.0158528600623
sz399015,2019-01-30,1529.94,1512.03,1512.03,1538.19,3873943400.0,25342570000.0,-0.0190286500234
sz399015,2019-01-29,1565.92,1541.36,1515.95,1565.95,4994380800.0,32936710000.0,-0.0197529922031
sz399015,2019-01-28,1594.56,1572.42,1570.75,1598.13,4909558100.0,34255310000.0,-0.00826852850466
sz399015,2019-01-25,1597.67,1585.53,1585.53,1602.1,5060691300.0,35159380000.0,-0.00713248002405
sz399015,2019-01-24,1588.36,1596.92,1581.53,1602.73,4925251500.0,34568690000.0,0.00592118524491
sz399015,2019-01-23,1577.55,1587.52,1575.06,1587.52,4255833100.0,28527850000.0,0.00336874838041
sz399015,2019-01-22,1598.54,1582.19,1576.96,1598.54,4638995500.0,31309190000.0,-0.0103890417813
sz399015,2019-01-21,1589.39,1598.8,1588.05,1603.95,4672218300.0,32146390000.0,0.00693416635701
sz399015,2019-01-18,1581.97,1587.79,1571.29,1590.26,4850796000.0,31856230000.0,0.00334915228532
sz399015,2019-01-17,1597.29,1582.49,1580.33,1598.77,5051630600.0,33981650000.0,-0.010349959976
sz399015,2019-01-16,1603.91,1599.04,1598.4,1611.42,5201858000.0,35500290000.0,-0.00357681426738
sz399015,2019-01-15,1583.19,1604.78,1579.64,1604.88,5285375800.0,34878900000.0,0.0115413465114
sz399015,2019-01-14,1594.32,1586.47,1580.65,1596.39,5165227200.0,33457030000.0,-0.00560980807562
sz399015,2019-01-11,1581.01,1595.42,1577.77,1595.42,5313632400.0,35463400000.0,0.010207053758
sz399015,2019-01-10,1580.22,1579.3,1574.06,1592.06,5304712600.0,35525400000.0,-0.0013595118404
sz399015,2019-01-09,1579.19,1581.45,1576.39,1602.61,6323674800.0,42459780000.0,0.00138038460808
sz399015,2019-01-08,1580.09,1579.27,1571.66,1583.34,5727371500.0,37423230000.0,-0.00151738352501
sz399015,2019-01-07,1554.79,1581.67,1552.4,1582.67,5632457300.0,39034640000.0,0.0232710098984
sz399015,2019-01-04,1490.49,1545.7,1485.84,1545.73,4996452200.0,33457420000.0,0.0269408364615
sz399015,2019-01-03,1509.63,1505.15,1504.68,1524.45,3723651400.0,26142970000.0,-0.00381886532709
sz399015,2019-01-02,1516.8,1510.92,1507.9,1519.1,3160690500.0,23043170000.0,-0.00109085860489
sz399015,2018-12-28,1511.44,1512.57,1501.16,1521.55,3402535000.0,22892130000.0,0.00172188851434
sz399015,2018-12-27,1555.08,1509.97,1509.97,1558.53,3982151500.0,25948700000.0,-0.0163254138356
sz399015,2018-12-26,1537.72,1535.03,1532.02,1545.73,3836023600.0,25059040000.0,-0.00299420643787
sz399015,2018-12-25,1539.39,1539.64,1501.34,1543.42,4603427100.0,29137310000.0,-0.0101324418156
sz399015,2018-12-24,1538.46,1555.4,1535.27,1555.4,3349055500.0,22317920000.0,0.0098754049825
sz399015,2018-12-21,1545.6,1540.19,1529.11,1549.3,3402411400.0,21912430000.0,-0.00708492889284
sz399015,2018-12-20,1541.0,1551.18,1536.4,1554.44,3521332700.0,22713090000.0,0.00471533130384
sz399015,2018-12-19,1566.09,1543.9,1541.02,1567.83,3536178100.0,22532300000.0,-0.012876908519
sz399015,2018-12-18,1569.02,1564.04,1550.4,1580.57,3756380500.0,24047810000.0,-0.0085953346856
sz399015,2018-12-17,1575.48,1577.6,1558.15,1579.7,4077279800.0,26135030000.0,-0.00249754987196
sz399015,2018-12-14,1623.14,1581.55,1580.47,1623.25,5134092600.0,33000630000.0,-0.0269121202985
sz399015,2018-12-13,1614.04,1625.29,1603.61,1634.74,4770889000.0,30886470000.0,0.00861983368499
sz399015,2018-12-12,1616.18,1611.4,1607.12,1619.04,4106334200.0,26297030000.0,-0.000403213299836
sz399015,2018-12-11,1601.34,1612.05,1599.46,1612.05,3954520900.0,26341610000.0,0.00974005637332
sz399015,2018-12-10,1603.66,1596.5,1591.27,1608.14,4030086600.0,27298450000.0,-0.0119567773638
sz399015,2018-12-07,1617.12,1615.82,1607.72,1624.18,4302844300.0,30017340000.0,0.000953985677825
sz399015,2018-12-06,1638.94,1614.28,1612.7,1642.32,5403973200.0,37130120000.0,-0.0189848801595
sz399015,2018-12-05,1621.43,1645.52,1616.74,1655.61,5774323300.0,39129370000.0,-0.00491639706105
sz399015,2018-12-04,1636.54,1653.65,1632.85,1653.65,5646561300.0,37261670000.0,0.00885220298449
sz399015,2018-12-03,1625.01,1639.14,1618.08,1645.64,6147269400.0,41814310000.0,0.0331408834207
sz399015,2018-11-30,1572.62,1586.56,1550.6,1588.57,4485733100.0,29363780000.0,0.00564126617902
sz399015,2018-11-29,1624.91,1577.66,1577.66,1628.08,5254453000.0,34881670000.0,-0.0259313683119
sz399015,2018-11-28,1599.51,1619.66,1576.25,1619.66,5186397200.0,33534040000.0,0.012116705306
sz399015,2018-11-27,1594.56,1600.27,1587.63,1606.92,4687646800.0,30017800000.0,0.00915018666129
sz399015,2018-11-26,1582.7,1585.76,1576.7,1600.63,4399466600.0,29045880000.0,-0.000315206838728
sz399015,2018-11-23,1656.54,1586.26,1580.6,1657.63,6561110200.0,42024770000.0,-0.0441625741918
sz399015,2018-11-22,1660.02,1659.55,1652.44,1668.9,5784388000.0,37838290000.0,0.00181099272585
sz399015,2018-11-21,1623.39,1656.55,1620.4,1657.47,5917040300.0,38797100000.0,0.00829006713615
sz399015,2018-11-20,1676.11,1642.93,1642.34,1683.26,6683104300.0,44793380000.0,-0.0274492393299
sz399015,2018-11-19,1681.45,1689.3,1664.99,1689.3,7148315500.0,47395070000.0,0.00478810408922
sz399015,2018-11-16,1668.29,1681.25,1662.21,1688.13,7386215000.0,50439140000.0,0.00999633547798
sz399015,2018-11-15,1636.75,1664.61,1636.44,1664.61,6830188800.0,44269100000.0,0.0174442413833
sz399015,2018-11-14,1635.44,1636.07,1631.09,1656.91,7902064100.0,47722760000.0,0.000740124536658
sz399015,2018-11-13,1584.08,1634.86,1581.69,1643.25,8528272700.0,51105350000.0,0.0212896213096
sz399015,2018-11-12,1552.68,1600.78,1551.8,1600.78,5784356200.0,35643240000.0,0.0301957705327
sz399015,2018-11-09,1548.48,1553.86,1544.69,1564.67,4278045700.0,26871770000.0,-0.000533868488252
sz399015,2018-11-08,1568.48,1554.69,1552.94,1572.57,4746715700.0,29520190000.0,-0.00363377682073
sz399015,2018-11-07,1562.52,1560.36,1558.7,1579.33,5315039300.0,34593080000.0,-0.00212319656196
sz399015,2018-11-06,1556.51,1563.68,1541.71,1564.18,4923156300.0,31075290000.0,0.000992234961239
sz399015,2018-11-05,1549.6,1562.13,1538.71,1569.88,5831790900.0,37918980000.0,0.00665029868347
sz399015,2018-11-02,1527.2,1551.81,1526.05,1551.81,5499032800.0,37063460000.0,0.02862199479
sz399015,2018-11-01,1507.92,1508.63,1506.95,1531.2,4865432400.0,31951320000.0,0.00606185897008
sz399015,2018-10-31,1479.73,1499.54,1479.14,1506.95,4075885100.0,25614900000.0,0.0143404088369
sz399015,2018-10-30,1463.09,1478.34,1442.81,1486.13,3625262800.0,22848270000.0,0.00836243588344
sz399015,2018-10-29,1480.05,1466.08,1459.24,1482.68,3109763800.0,19483290000.0,-0.0133984750907
sz399015,2018-10-26,1488.79,1485.99,1480.17,1502.65,3841472100.0,23654620000.0,0.00355907936679
sz399015,2018-10-25,1444.81,1480.72,1437.12,1483.71,4036317900.0,24821540000.0,-0.00689470154259
sz399015,2018-10-24,1486.3,1491.0,1479.21,1506.04,3753056800.0,23404690000.0,-0.00106526239624
sz399015,2018-10-23,1514.52,1492.59,1483.66,1521.14,4706924200.0,30235770000.0,-0.0154614354597
sz399015,2018-10-22,1459.13,1516.03,1459.13,1528.36,5554749800.0,35985160000.0,0.0474739518558
sz399015,2018-10-19,1392.66,1447.32,1388.44,1448.47,3840118800.0,23689860000.0,0.0211883241962
sz399015,2018-10-18,1454.58,1417.29,1414.53,1454.58,3495498900.0,20975880000.0,-0.0314955787287
sz399015,2018-10-17,1466.0,1463.38,1430.66,1474.46,3467969700.0,22562770000.0,0.00932503827956
sz399015,2018-10-16,1479.15,1449.86,1441.44,1489.06,3308183200.0,20980650000.0,-0.0200934042539
sz399015,2018-10-15,1503.09,1479.59,1477.43,1515.52,3356962600.0,22292120000.0,-0.0123886126222
sz399015,2018-10-12,1497.3,1498.15,1441.42,1506.07,4588386500.0,28088010000.0,-0.0096251099021
sz399015,2018-10-11,1583.57,1512.71,1502.02,1586.34,5133444000.0,32487060000.0,-0.0735712010975
sz399015,2018-10-10,1634.54,1632.84,1619.19,1640.17,3025759200.0,20701100000.0,-0.000183695212903
sz399015,2018-10-09,1634.9,1633.14,1623.48,1646.49,2913175800.0,20211420000.0,0.000692397718151
sz399015,2018-10-08,1662.14,1632.01,1630.42,1664.86,3437756000.0,23430270000.0,-0.0339935126432
sz399015,2018-09-28,1676.21,1689.44,1672.61,1689.44,3494343300.0,23807680000.0,0.00807322588922
sz399015,2018-09-27,1701.34,1675.91,1675.9,1702.02,4758001200.0,30991060000.0,-0.016311557199
sz399015,2018-09-26,1699.25,1703.7,1695.59,1712.45,4306375800.0,29809210000.0,0.00151076049449
sz399015,2018-09-25,1698.24,1701.13,1693.38,1708.2,3527780300.0,24532300000.0,-0.00396393231454
sz399015,2018-09-21,1692.37,1707.9,1683.89,1708.78,4431794700.0,30289010000.0,0.0105558382543
sz399015,2018-09-20,1690.58,1690.06,1687.39,1699.42,4274999800.0,27910080000.0,-0.00256137865911
sz399015,2018-09-19,1672.25,1694.4,1670.23,1704.15,4443599800.0,31981900000.0,0.0104841306759
sz399015,2018-09-18,1643.32,1676.82,1643.03,1676.94,3600503100.0,25517330000.0,0.0167783403572
sz399015,2018-09-17,1666.91,1649.15,1642.38,1666.91,3047763500.0,21322170000.0,-0.0147093089254
sz399015,2018-09-14,1691.08,1673.77,1673.16,1693.19,3257946000.0,23935870000.0,-0.0097558955427
sz399015,2018-09-13,1687.2,1690.26,1667.48,1694.86,3250368600.0,23415030000.0,0.00833989548285
sz399015,2018-09-12,1675.76,1676.28,1670.72,1688.09,2990310000.0,20859130000.0,-0.000161045003131
sz399015,2018-09-11,1669.37,1676.55,1662.11,1684.58,3126428400.0,21495640000.0,0.00307524784463
sz399015,2018-09-10,1702.87,1671.41,1670.54,1702.92,3665405700.0,25666050000.0,-0.0189931739613
sz399015,2018-09-07,1700.97,1703.77,1691.44,1723.13,3589395600.0,26769040000.0,0.00199367200273
sz399015,2018-09-06,1701.21,1700.38,1693.52,1720.14,3317314700.0,24867490000.0,-0.00415817461991
sz399015,2018-09-05,1729.1,1707.48,1707.48,1735.52,3734023800.0,27512250000.0,-0.0147259088286
sz399015,2018-09-04,1710.48,1733.0,1709.22,1736.13,3451415600.0,26656300000.0,0.0117817400544
sz399015,2018-09-03,1711.14,1712.82,1684.59,1713.28,2987537700.0,23088470000.0,-0.000729258431686
sz399015,2018-08-31,1727.84,1714.07,1710.86,1730.69,2852529500.0,21797830000.0,-0.0100092410766
sz399015,2018-08-30,1756.74,1731.4,1730.83,1761.18,3288704900.0,24852540000.0,-0.0158809553583
sz399015,2018-08-29,1768.2,1759.34,1754.83,1768.2,3169923200.0,24738480000.0,-0.00539324318213
sz399015,2018-08-28,1767.11,1768.88,1761.85,1772.6,3489381300.0,28046530000.0,0.00129628266887
sz399015,2018-08-27,1729.69,1766.59,1729.69,1766.89,3903231800.0,31730220000.0,0.0217527096901
sz399015,2018-08-24,1730.55,1728.98,1723.91,1739.11,2973526800.0,23976640000.0,-0.00279152391828
sz399015,2018-08-23,1722.62,1733.82,1718.68,1740.2,3113855600.0,25353820000.0,0.00529953382656
sz399015,2018-08-22,1742.66,1724.68,1723.01,1742.83,3089011100.0,24554930000.0,-0.0127253264335
sz399015,2018-08-21,1726.26,1746.91,1721.16,1749.45,3446717000.0,28186410000.0,0.0118333256105
sz399015,2018-08-20,1711.99,1726.48,1690.44,1726.48,3403673100.0,25738600000.0,0.00567354404278
sz399015,2018-08-17,1759.7,1716.74,1713.01,1766.48,3710624200.0,27852780000.0,-0.0181922164079
sz399015,2018-08-16,1746.16,1748.55,1729.85,1769.34,3652422800.0,27899150000.0,-0.0104526264558
sz399015,2018-08-15,1798.14,1767.02,1765.6,1800.0,3837710900.0,29942100000.0,-0.0181040231162
sz399015,2018-08-14,1799.55,1799.6,1794.58,1807.63,3719813900.0,29225210000.0,-0.00183038438072
sz399015,2018-08-13,1774.73,1802.9,1766.79,1803.93,3552951300.0,29175670000.0,0.00428362141476
sz399015,2018-08-10,1781.3,1795.21,1779.94,1796.25,3625182500.0,29125660000.0,0.00609752680278
sz399015,2018-08-09,1737.84,1784.33,1734.3,1792.46,4464994900.0,34860060000.0,0.0222926287083
sz399015,2018-08-08,1768.93,1745.42,1744.28,1773.12,4180780500.0,32046330000.0,-0.0172461360885
sz399015,2018-08-07,1732.61,1776.05,1720.39,1776.05,4079645300.0,30645900000.0,0.0250365043546
sz399015,2018-08-06,1760.54,1732.67,1722.44,1770.42,3835541400.0,28894890000.0,-0.0200107463024
sz399015,2018-08-03,1785.27,1768.05,1768.05,1793.55,3603186600.0,28622510000.0,-0.0119313736448
sz399015,2018-08-02,1828.89,1789.4,1751.71,1828.89,4768539400.0,36603570000.0,-0.0260231546748
sz399015,2018-08-01,1865.45,1837.21,1837.21,1873.69,3931582400.0,31918900000.0,-0.0144040427883
sz399015,2018-07-31,1862.05,1864.06,1855.64,1871.94,3435876700.0,29205600000.0,-0.001323311171
sz399015,2018-07-30,1888.73,1866.53,1858.16,1893.52,4357142300.0,36345100000.0,-0.0140299721619
sz399015,2018-07-27,1902.47,1893.09,1890.84,1906.33,4782290300.0,35678820000.0,-0.00742430200551
sz399015,2018-07-26,1909.22,1907.25,1903.48,1916.71,5787613700.0,44430990000.0,-0.00165932098701
sz399015,2018-07-25,1903.29,1910.42,1901.56,1915.06,4998077800.0,42260350000.0,0.00314529806819
sz399015,2018-07-24,1875.63,1904.43,1871.64,1904.85,5506580400.0,46305880000.0,0.0149219528573
sz399015,2018-07-23,1855.84,1876.43,1849.56,1876.43,4458855100.0,39807700000.0,0.00687912170465
sz399015,2018-07-20,1840.31,1863.61,1832.83,1866.01,3631650700.0,32175230000.0,0.01070026249
sz399015,2018-07-19,1859.99,1843.88,1835.67,1867.78,3901467600.0,34336380000.0,-0.0114569092615
sz399015,2018-07-18,1876.83,1865.25,1865.25,1887.82,4119998100.0,36545540000.0,-0.00526896801822
sz399015,2018-07-17,1868.05,1875.13,1853.52,1875.13,3631000400.0,32558720000.0,0.00235202300706
sz399015,2018-07-16,1866.6,1870.73,1858.78,1872.01,3702334200.0,34496740000.0,0.000866722664798
sz399015,2018-07-13,1859.96,1869.11,1857.8,1870.42,4071957600.0,37023890000.0,0.00484382560077
sz399015,2018-07-12,1808.49,1860.1,1808.47,1864.51,4291823200.0,38930970000.0,0.0272482272637
sz399015,2018-07-11,1826.32,1810.76,1784.48,1826.32,3970276200.0,34358890000.0,-0.0230696188873
sz399015,2018-07-10,1842.09,1853.52,1837.2,1853.52,3604768900.0,33359750000.0,0.00670769130499
sz399015,2018-07-09,1805.75,1841.17,1805.75,1841.18,3622960000.0,32488450000.0,0.0193554459338
sz399015,2018-07-06,1799.14,1806.21,1764.04,1827.56,4111018100.0,35464250000.0,0.0035503550355
sz399015,2018-07-05,1844.34,1799.82,1799.82,1851.03,3688017400.0,32436840000.0,-0.0266613307952
sz399015,2018-07-04,1875.7,1849.12,1841.12,1875.71,3694627400.0,32872350000.0,-0.0179977801499
sz399015,2018-07-03,1855.22,1883.01,1834.23,1883.52,4171799200.0,37316390000.0,0.0148918280891
sz399015,2018-07-02,1870.56,1855.38,1841.25,1880.61,4180493300.0,36208990000.0,-0.00850745471063
sz399015,2018-06-29,1813.45,1871.3,1812.45,1871.3,4246755400.0,35026720000.0,0.0319460452086
sz399015,2018-06-28,1831.47,1813.37,1812.23,1848.57,3410727600.0,26711220000.0,-0.0123418462661
sz399015,2018-06-27,1849.86,1836.03,1828.9,1860.97,3784351900.0,29808240000.0,-0.00809823772839
sz399015,2018-06-26,1808.03,1851.02,1799.25,1852.83,3837852500.0,30429050000.0,0.00962708018567
sz399015,2018-06-25,1854.48,1833.37,1832.01,1859.85,3436704800.0,27874650000.0,-0.00537628575149
sz399015,2018-06-22,1801.81,1843.28,1792.43,1844.17,3520299800.0,28875040000.0,0.0154525872754
sz399015,2018-06-21,1856.5,1815.23,1814.8,1867.83,3825569400.0,33173650000.0,-0.0248143890148
sz399015,2018-06-20,1824.1,1861.42,1817.25,1868.98,3796898900.0,33321720000.0,0.0125878538634
sz399015,2018-06-19,1939.11,1838.28,1817.27,1939.95,4804557900.0,41058320000.0,-0.0680361778066
sz399015,2018-06-15,2017.16,1972.48,1962.04,2020.79,3792652500.0,35264780000.0,-0.0235392543675
sz399015,2018-06-14,2021.94,2020.03,2013.76,2041.6,3068088000.0,30660270000.0,-0.00464165167903
sz399015,2018-06-13,2059.25,2029.45,2029.1,2060.27,3231868500.0,31810310000.0,-0.0175723102989
sz399015,2018-06-12,2054.31,2065.75,2031.37,2065.83,3149058900.0,32313790000.0,0.0050061786656
sz399015,2018-06-11,2067.7,2055.46,2048.89,2071.15,3092646300.0,30483400000.0,-0.00874807098765
sz399015,2018-06-08,2087.49,2073.6,2057.44,2087.49,3746913200.0,36069950000.0,-0.00863429046786
sz399015,2018-06-07,2110.9,2091.66,2088.43,2112.88,3405043600.0,33645720000.0,-0.0068657056578
sz399015,2018-06-06,2103.1,2106.12,2097.99,2109.35,3188940100.0,32193440000.0,0.000208958626192
sz399015,2018-06-05,2072.38,2105.68,2072.38,2105.68,3346589400.0,33957320000.0,0.0161959732062
sz399015,2018-06-04,2086.39,2072.12,2065.21,2090.83,3320152100.0,34217480000.0,-0.00413797080832
sz399015,2018-06-01,2096.32,2080.73,2066.72,2105.48,3934243600.0,38339660000.0,-0.0117268763477
sz399015,2018-05-31,2090.92,2105.42,2076.32,2105.86,4040516500.0,40166860000.0,0.0139614627028
sz399015,2018-05-30,2116.63,2076.43,2073.92,2116.7,4486513600.0,44289200000.0,-0.0329682100577
sz399015,2018-05-29,2165.11,2147.22,2146.86,2180.1,3947833400.0,42294440000.0,-0.0102970187503
sz399015,2018-05-28,2181.65,2169.56,2158.85,2186.36,3973550300.0,42583200000.0,-0.00715723961193
sz399015,2018-05-25,2208.22,2185.2,2183.05,2210.02,3983614200.0,41753850000.0,-0.0113201400766
sz399015,2018-05-24,2216.74,2210.22,2208.71,2222.26,3605006600.0,37994600000.0,-0.00261730489797
sz399015,2018-05-23,2231.12,2216.02,2215.91,2234.06,4567810200.0,48453660000.0,-0.00997167543805
sz399015,2018-05-22,2227.8,2238.34,2222.51,2238.34,4468881700.0,48052070000.0,0.00427582431881
sz399015,2018-05-21,2212.85,2228.81,2212.77,2231.71,4555538900.0,49005500000.0,0.0120466062444
sz399015,2018-05-18,2189.26,2202.28,2180.56,2202.52,3563925600.0,37824910000.0,0.00403935406808
sz399015,2018-05-17,2205.27,2193.42,2189.4,2210.0,3775142600.0,40685550000.0,-0.00638725809959
sz399015,2018-05-16,2212.39,2207.52,2205.82,2224.13,3988672400.0,43820160000.0,-0.00617673011471
sz399015,2018-05-15,2198.58,2221.24,2189.45,2221.24,3553893600.0,38688790000.0,0.00949394414525
sz399015,2018-05-14,2211.86,2200.35,2193.59,2215.82,3678288800.0,40366750000.0,-0.00697713251587
sz399015,2018-05-11,2241.15,2215.81,2214.69,2241.44,4177321500.0,46825580000.0,-0.0117256143794
sz399015,2018-05-10,2233.86,2242.1,2224.15,2242.1,4508412200.0,49758700000.0,0.00431810648343
sz399015,2018-05-09,2230.23,2232.46,2222.25,2237.77,4101212900.0,45675840000.0,-0.000170186847244
sz399015,2018-05-08,2222.51,2232.84,2218.7,2232.84,4141202400.0,45569840000.0,0.00489205524827
sz399015,2018-05-07,2185.28,2221.97,2185.28,2221.97,3906520300.0,42820260000.0,0.0176977369431
sz399015,2018-05-04,2181.62,2183.33,2177.3,2194.89,3255374300.0,37193760000.0,-0.00254010023345
sz399015,2018-05-03,2161.6,2188.89,2136.02,2188.89,3803149300.0,41383270000.0,0.00978931294893
sz399015,2018-05-02,2181.54,2167.67,2152.28,2190.99,3696615900.0,40554560000.0,-0.00598426207858
sz399015,2018-04-27,2181.7,2180.72,2162.34,2189.15,3464329400.0,38992530000.0,0.0026391047274
sz399015,2018-04-26,2211.49,2174.98,2174.93,2212.46,4283489900.0,48083760000.0,-0.0176463946162
sz399015,2018-04-25,2191.44,2214.05,2188.68,2217.13,4230932900.0,48860840000.0,0.00569609041067
sz399015,2018-04-24,2152.91,2201.51,2151.77,2201.51,4188909300.0,46794290000.0,0.0216819272412
sz399015,2018-04-23,2175.54,2154.79,2132.16,2183.5,3967896000.0,44303310000.0,-0.00986554915313
sz399015,2018-04-20,2214.74,2176.26,2174.4,2220.95,4388835000.0,49009680000.0,-0.022015503876
sz399015,2018-04-19,2219.64,2225.25,2217.97,2239.44,4825285600.0,56521660000.0,-0.000408775649549
sz399015,2018-04-18,2201.1,2226.16,2166.62,2229.18,4815683900.0,55028190000.0,0.0148616860264
sz399015,2018-04-17,2252.58,2193.56,2192.27,2256.33,4903159500.0,58074420000.0,-0.0241563086669
sz399015,2018-04-16,2241.09,2247.86,2229.14,2257.68,4308515900.0,49053200000.0,0.00204165329339
sz399015,2018-04-13,2252.62,2243.28,2238.17,2259.07,4001057000.0,45265090000.0,-0.000472299206003
sz399015,2018-04-12,2249.56,2244.34,2240.24,2258.21,4139566800.0,45281440000.0,-0.00358725282141
sz399015,2018-04-11,2243.51,2252.42,2242.23,2259.38,4296208600.0,47145240000.0,0.00534716394994
sz399015,2018-04-10,2246.58,2240.44,2218.32,2248.94,4573892000.0,48721080000.0,-0.00347824539866
sz399015,2018-04-09,2233.44,2248.26,2211.84,2258.37,4234059000.0,47298530000.0,0.00292187660313
sz399015,2018-04-04,2268.97,2241.71,2239.82,2276.61,4359126700.0,50607380000.0,-0.00924587758493
sz399015,2018-04-03,2248.82,2262.63,2242.41,2264.07,4798955600.0,54620040000.0,-0.00735719926296
sz399015,2018-04-02,2272.58,2279.4,2270.58,2293.81,5518158500.0,66498960000.0,0.00573596893752
sz399015,2018-03-30,2229.03,2266.4,2229.03,2266.4,4897576800.0,56995130000.0,0.0198488946087
sz399015,2018-03-29,2210.47,2222.29,2208.15,2223.32,4087906600.0,45676510000.0,0.0075122862376
sz399015,2018-03-28,2193.29,2205.72,2188.08,2220.64,4541310200.0,51104720000.0,-0.00622203799904
sz399015,2018-03-27,2182.94,2219.53,2182.94,2225.45,5031034600.0,56015150000.0,0.0248462405112
sz399015,2018-03-26,2099.37,2165.72,2078.07,2165.73,4230454600.0,44558960000.0,0.0169895846051
sz399015,2018-03-23,2189.98,2129.54,2107.19,2205.67,5946615000.0,59547780000.0,-0.0553012155088
sz399015,2018-03-22,2253.1,2254.2,2241.94,2268.83,4085713700.0,43688560000.0,-0.000456716166422
sz399015,2018-03-21,2272.87,2255.23,2254.2,2290.32,4647775100.0,51332170000.0,-0.00747726892642
sz399015,2018-03-20,2255.85,2272.22,2245.34,2273.35,3994051100.0,43864410000.0,-0.000453095787969
sz399015,2018-03-19,2266.03,2273.25,2259.47,2286.93,3948841200.0,43847840000.0,0.00282330105653
sz399015,2018-03-16,2268.71,2266.85,2266.85,2284.24,4052315600.0,43988640000.0,-0.000485019511012
sz399015,2018-03-15,2262.01,2267.95,2239.3,2272.19,4287390200.0,47109840000.0,-0.000660953094362
sz399015,2018-03-14,2286.31,2269.45,2268.05,2295.05,4315883800.0,46865270000.0,-0.0107794506098
sz399015,2018-03-13,2303.47,2294.18,2291.62,2312.74,5134600700.0,56395520000.0,-0.00538886070901
sz399015,2018-03-12,2281.22,2306.61,2281.18,2306.61,5717121300.0,63875680000.0,0.0157429343949
sz399015,2018-03-09,2233.17,2270.86,2232.56,2271.76,5109660600.0,55829710000.0,0.0166997976325
sz399015,2018-03-08,2214.77,2233.56,2214.75,2233.56,3559360100.0,39631270000.0,0.00680198515193
sz399015,2018-03-07,2228.94,2218.47,2216.01,2233.3,3902466300.0,42676000000.0,-0.00644019974472
sz399015,2018-03-06,2214.69,2232.85,2214.58,2233.23,4296205300.0,47556350000.0,0.00918861750402
sz399015,2018-03-05,2201.91,2212.52,2194.68,2212.52,3540741400.0,39289370000.0,0.0064548998558
sz399015,2018-03-02,2195.86,2198.33,2193.61,2213.61,4174389400.0,44754400000.0,-0.00405927630715
sz399015,2018-03-01,2162.33,2207.29,2158.3,2207.29,4384786900.0,45214530000.0,0.0160465469543
sz399015,2018-02-28,2148.3,2172.43,2141.05,2179.36,4071520700.0,41991000000.0,0.00603874242263
sz399015,2018-02-27,2151.12,2159.39,2147.89,2164.73,4340590100.0,43717120000.0,0.0034853082639
sz399015,2018-02-26,2114.36,2151.89,2110.62,2152.7,3987161500.0,41403740000.0,0.0203801964048
sz399015,2018-02-23,2102.25,2108.91,2095.37,2109.34,2657950600.0,27007750000.0,0.00182416736736
sz399015,2018-02-22,2082.91,2105.07,2082.84,2105.34,2356309400.0,24430820000.0,0.0149758197887
sz399015,2018-02-14,2067.94,2074.01,2059.0,2074.01,1929836800.0,19377970000.0,0.00229550660623
sz399015,2018-02-13,2070.87,2069.26,2066.42,2083.42,2678179700.0,26404120000.0,0.00181553224143
sz399015,2018-02-12,2024.27,2065.51,2024.27,2069.61,2636819600.0,26012600000.0,0.0240150317044
sz399015,2018-02-09,2029.92,2017.07,1994.38,2042.31,3259861600.0,30287710000.0,-0.0275103296322
sz399015,2018-02-08,2044.1,2074.13,2042.65,2075.85,2597104800.0,25892690000.0,0.0123336880021
sz399015,2018-02-07,2068.46,2048.86,2008.2,2078.54,3360408100.0,32480960000.0,0.00418561794228
sz399015,2018-02-06,2104.89,2040.32,2040.07,2113.04,3812874000.0,35347950000.0,-0.0459909850936
sz399015,2018-02-05,2123.84,2138.68,2114.93,2144.92,2655607900.0,25812960000.0,-0.00427865746065
sz399015,2018-02-02,2142.93,2147.87,2099.16,2152.4,3587203100.0,34937290000.0,-0.00577223955489
sz399015,2018-02-01,2246.36,2160.34,2159.72,2250.7,4545452200.0,43861700000.0,-0.0401645680976
sz399015,2018-01-31,2295.68,2250.74,2244.91,2295.92,4181485600.0,41942500000.0,-0.0252105935598
sz399015,2018-01-30,2305.92,2308.95,2303.95,2313.39,2900803300.0,30888910000.0,0.000186266525739
sz399015,2018-01-29,2335.57,2308.52,2303.76,2337.92,3567048000.0,38670200000.0,-0.0124358848215
sz399015,2018-01-26,2337.19,2337.59,2334.94,2342.78,3370304700.0,37307580000.0,-0.00223661127781
sz399015,2018-01-25,2345.25,2342.83,2342.83,2357.51,4018825300.0,44696930000.0,-0.00252048962214
sz399015,2018-01-24,2327.68,2348.75,2315.96,2348.75,3984612800.0,44826670000.0,0.00795203886328
sz399015,2018-01-23,2329.21,2330.22,2324.22,2335.32,3396993600.0,36857680000.0,0.000691399590314
sz399015,2018-01-22,2303.82,2328.61,2292.38,2328.89,3328983300.0,35242380000.0,0.0094196490498
sz399015,2018-01-19,2310.15,2306.88,2303.55,2318.45,3221518800.0,32712180000.0,-0.00149329316591
sz399015,2018-01-18,2304.58,2310.33,2303.9,2313.84,3018660300.0,31080510000.0,0.000576006929407
sz399015,2018-01-17,2306.68,2309.0,2276.83,2309.0,3821567400.0,39897100000.0,-0.00236770246448
sz399015,2018-01-16,2304.12,2314.48,2303.45,2314.74,3704487600.0,39638450000.0,0.00363819278519
sz399015,2018-01-15,2357.17,2306.09,2301.47,2357.17,4510460800.0,47592140000.0,-0.0256053813554
sz399015,2018-01-12,2379.55,2366.69,2366.11,2382.62,4368708500.0,45610790000.0,-0.00659419073203
sz399015,2018-01-11,2359.24,2382.4,2350.31,2383.22,4250061200.0,45933150000.0,0.00824403703892
sz399015,2018-01-10,2373.68,2362.92,2348.82,2374.3,4106431200.0,42765980000.0,-0.00447432948255
sz399015,2018-01-09,2372.38,2373.54,2367.35,2373.54,3513248200.0,36618470000.0,-0.000185342757732
sz399015,2018-01-08,2371.2,2373.98,2356.58,2373.98,3761921900.0,39544390000.0,0.000771452058259
sz399015,2018-01-05,2368.79,2372.15,2367.29,2375.54,3683742600.0,39327310000.0,0.00118175871019
sz399015,2018-01-04,2365.9,2369.35,2363.35,2370.73,3591743800.0,39886180000.0,0.000696878827554
sz399015,2018-01-03,2346.29,2367.7,2342.98,2368.31,3616675100.0,39241410000.0,0.00902183223739
sz399015,2018-01-02,2328.98,2346.53,2326.86,2346.53,3035261300.0,32679540000.0,0.00897379668567
sz399015,2017-12-29,2304.71,2325.66,2304.71,2325.66,2805931100.0,30970740000.0,0.00901565374336
sz399015,2017-12-28,2300.0,2304.88,2297.07,2311.68,3049561800.0,32384050000.0,8.67799434197e-05
sz399015,2017-12-27,2312.5,2304.68,2300.93,2318.2,3038276300.0,32921190000.0,-0.0042170028171
sz399015,2017-12-26,2304.79,2314.44,2289.64,2314.88,2850876800.0,31597910000.0,0.00322496749025
sz399015,2017-12-25,2334.33,2307.0,2302.03,2335.77,3081549300.0,35113550000.0,-0.0119618147011
sz399015,2017-12-22,2338.96,2334.93,2331.07,2341.73,2737529500.0,32237400000.0,-0.00242671782142
sz399015,2017-12-21,2333.84,2340.61,2311.87,2344.81,3094607400.0,36253620000.0,0.00210644392021
sz399015,2017-12-20,2355.59,2335.69,2331.69,2357.92,3103538800.0,35401980000.0,-0.00976377018044
sz399015,2017-12-19,2344.7,2358.72,2344.64,2359.45,2775382800.0,32537060000.0,0.00506212609296
sz399015,2017-12-18,2361.31,2346.84,2339.6,2362.83,2874279500.0,33427910000.0,-0.00749819206029
sz399015,2017-12-15,2370.05,2364.57,2355.09,2373.21,3269351000.0,37746770000.0,-0.00361124923098
sz399015,2017-12-14,2367.17,2373.14,2359.52,2374.14,3220391500.0,36895450000.0,0.00194635491212
sz399015,2017-12-13,2349.55,2368.53,2347.88,2368.53,2856420500.0,33788400000.0,0.00648887075801
sz399015,2017-12-12,2371.17,2353.26,2353.13,2372.37,3190854200.0,38442320000.0,-0.00843976083833
sz399015,2017-12-11,2348.84,2373.29,2348.84,2373.29,3217196500.0,38499360000.0,0.0115161511676
sz399015,2017-12-08,2320.47,2346.27,2318.98,2349.76,3078570000.0,35807550000.0,0.00972164841975
sz399015,2017-12-07,2321.23,2323.68,2317.72,2336.07,2956885200.0,34390660000.0,-0.00164553535753
sz399015,2017-12-06,2298.0,2327.51,2281.94,2327.51,3408458700.0,37860950000.0,0.00978325003471
sz399015,2017-12-05,2365.3,2304.96,2293.5,2368.97,3814617800.0,42293520000.0,-0.0278327252789
sz399015,2017-12-04,2390.18,2370.95,2368.56,2392.79,3084411100.0,36265430000.0,-0.00938823942309
sz399015,2017-12-01,2367.56,2393.42,2367.56,2394.43,3021238800.0,36145240000.0,0.00971996051266
sz399015,2017-11-30,2375.21,2370.38,2364.36,2383.45,3169383800.0,37098470000.0,-0.0045188439151
sz399015,2017-11-29,2377.27,2381.14,2352.52,2381.14,3571890900.0,39774070000.0,0.0016152778362
sz399015,2017-11-28,2338.92,2377.3,2338.92,2377.3,2977413400.0,33274480000.0,0.0153543895616
sz399015,2017-11-27,2360.72,2341.35,2338.17,2366.31,3005101800.0,34048240000.0,-0.00974877347319
sz399015,2017-11-24,2353.9,2364.4,2350.15,2372.78,3106529500.0,36221070000.0,0.000135359209502
sz399015,2017-11-23,2415.9,2364.08,2363.24,2415.9,3845272700.0,44720070000.0,-0.0234464070323
sz399015,2017-11-22,2419.53,2420.84,2401.99,2432.38,3669330100.0,45265870000.0,-8.67392247166e-05
sz399015,2017-11-21,2415.26,2421.05,2403.78,2431.54,3736053300.0,45100670000.0,0.0012986422158
sz399015,2017-11-20,2396.97,2417.91,2349.89,2417.91,3882335300.0,43893830000.0,0.00341539125527
sz399015,2017-11-17,2493.39,2409.68,2407.89,2493.41,5076053500.0,57937760000.0,-0.0347882861412
sz399015,2017-11-16,2495.35,2496.53,2489.21,2506.47,3541439700.0,43144780000.0,-0.00122420076893
sz399015,2017-11-15,2513.1,2499.59,2489.23,2517.34,3671996300.0,45165910000.0,-0.00801654106096
sz399015,2017-11-14,2538.34,2519.79,2508.62,2540.12,4418447700.0,54395960000.0,-0.00790201034703
sz399015,2017-11-13,2538.02,2539.86,2529.78,2540.42,4519987300.0,54780970000.0,-0.000106293772366
sz399015,2017-11-10,2532.11,2540.13,2528.29,2542.3,4270700500.0,51782570000.0,0.00212645083914
sz399015,2017-11-09,2518.17,2534.74,2517.58,2534.74,3756187900.0,44339050000.0,0.00523888274183
sz399015,2017-11-08,2511.17,2521.53,2508.16,2533.79,4147964300.0,49782590000.0,0.00323865377041
sz399015,2017-11-07,2499.47,2513.39,2492.4,2513.39,3802775500.0,45798560000.0,0.00467282248071
sz399015,2017-11-06,2475.79,2501.7,2470.04,2501.7,3515394000.0,43096830000.0,0.00958453560403
sz399015,2017-11-03,2492.56,2477.95,2464.57,2498.47,3606735400.0,43281240000.0,-0.00703663780149
sz399015,2017-11-02,2521.17,2495.51,2494.01,2521.17,3671840700.0,43806890000.0,-0.0117183477882
sz399015,2017-11-01,2525.7,2525.1,2522.19,2533.78,3461646200.0,42417580000.0,-0.000953507602344
sz399015,2017-10-31,2508.3,2527.51,2505.79,2527.51,3280645600.0,39822990000.0,0.00649089482759
sz399015,2017-10-30,2568.15,2511.21,2494.0,2568.48,4622393700.0,53422010000.0,-0.024048906179
sz399015,2017-10-27,2587.01,2573.09,2569.81,2590.53,3773688500.0,44801680000.0,-0.00652128587866
sz399015,2017-10-26,2577.56,2589.98,2573.21,2591.72,3779624000.0,47115860000.0,0.00388378114389
sz399015,2017-10-25,2563.56,2579.96,2562.2,2579.96,3173353700.0,39351020000.0,0.00585980903962
sz399015,2017-10-24,2574.43,2564.93,2548.52,2574.64,3357949800.0,41143750000.0,-0.00464511622492
sz399015,2017-10-23,2560.03,2576.9,2558.02,2576.9,3339386500.0,40740210000.0,0.00672740342543
sz399015,2017-10-20,2526.28,2559.68,2525.46,2559.68,3298257500.0,39081060000.0,0.0119192102881
sz399015,2017-10-19,2552.06,2529.53,2523.57,2556.63,4119676800.0,46811090000.0,-0.010274709581
sz399015,2017-10-18,2579.69,2555.79,2555.08,2586.19,3897712500.0,46149040000.0,-0.00930692301729
sz399015,2017-10-17,2574.71,2579.8,2566.97,2587.52,3321085200.0,39732220000.0,-0.000100772850244
sz399015,2017-10-16,2630.54,2580.06,2578.88,2630.96,5091499500.0,61076260000.0,-0.0209355540124
sz399015,2017-10-13,2623.24,2635.23,2620.02,2635.23,4516716100.0,54906230000.0,0.00340022084301
sz399015,2017-10-12,2627.39,2626.3,2609.14,2634.42,4989975400.0,60424880000.0,-0.00249537576865
sz399015,2017-10-11,2640.71,2632.87,2630.69,2645.56,5573942400.0,67544190000.0,-0.00316519197495
sz399015,2017-10-10,2621.84,2641.23,2619.68,2641.23,4873917500.0,60103610000.0,0.00709595747764
sz399015,2017-10-09,2617.36,2622.62,2608.83,2625.59,4662161400.0,59260160000.0,0.012551590473
sz399015,2017-09-29,2567.63,2590.11,2567.63,2590.11,3848461300.0,49115580000.0,0.0108140805495
sz399015,2017-09-28,2572.41,2562.4,2562.2,2579.5,3994447900.0,49245780000.0,-0.00520612933407
sz399015,2017-09-27,2555.46,2575.81,2555.29,2576.3,3801546000.0,46839640000.0,0.00758876706006
sz399015,2017-09-26,2547.92,2556.41,2540.45,2556.5,3707854400.0,45322510000.0,0.00232112260781
sz399015,2017-09-25,2585.42,2550.49,2548.39,2588.6,4238585500.0,50151510000.0,-0.0150038233681
sz399015,2017-09-22,2595.65,2589.34,2577.74,2597.37,4760994500.0,57496630000.0,-0.00471248462485
sz399015,2017-09-21,2629.23,2601.6,2601.58,2632.77,5495246000.0,67630370000.0,-0.010139826881
sz399015,2017-09-20,2603.61,2628.25,2597.61,2628.25,5348158600.0,64498810000.0,0.00806992915799
sz399015,2017-09-19,2619.08,2607.21,2598.36,2621.33,5275761100.0,61357560000.0,-0.00438006934792
sz399015,2017-09-18,2596.7,2618.68,2594.71,2618.68,5082634200.0,58697970000.0,0.00717299415776
sz399015,2017-09-15,2606.76,2600.03,2589.93,2607.93,5547377100.0,63156830000.0,-0.00415950116627
sz399015,2017-09-14,2614.07,2610.89,2599.74,2621.59,5872985300.0,68835910000.0,-0.000505319250749
sz399015,2017-09-13,2596.55,2612.21,2591.97,2612.21,5193655600.0,62786340000.0,0.00510206044749
sz399015,2017-09-12,2610.19,2598.95,2594.79,2620.98,6713113100.0,83964980000.0,-0.00418411645024
sz399015,2017-09-11,2587.21,2609.87,2584.94,2609.87,5411896700.0,66300280000.0,0.00878186421352
sz399015,2017-09-08,2576.73,2587.15,2570.98,2591.93,5567720900.0,67837100000.0,0.00336244609227
sz399015,2017-09-07,2586.28,2578.48,2577.11,2597.95,5922913100.0,72905040000.0,-0.00331650599522
sz399015,2017-09-06,2568.4,2587.06,2562.82,2587.06,5303651300.0,66268080000.0,0.00432466846796
sz399015,2017-09-05,2573.29,2575.92,2561.29,2576.4,5182267000.0,64626860000.0,0.000392246719303
sz399015,2017-09-04,2555.97,2574.91,2552.92,2575.34,5818228300.0,70987540000.0,0.00681530256346
sz399015,2017-09-01,2541.74,2557.48,2535.85,2557.48,5322106500.0,64222850000.0,0.00673920231778
sz399015,2017-08-31,2534.57,2540.36,2527.3,2540.36,4477378500.0,54309040000.0,0.00268001278828
sz399015,2017-08-30,2521.74,2533.57,2521.74,2537.06,4914580400.0,58697500000.0,0.00431285651428
sz399015,2017-08-29,2526.46,2522.69,2516.95,2532.05,4709257900.0,55981000000.0,-0.00220704276046
sz399015,2017-08-28,2504.12,2528.27,2504.12,2534.03,4950082100.0,59040120000.0,0.0104390224407
sz399015,2017-08-25,2477.12,2502.15,2476.89,2503.51,3916449400.0,45689290000.0,0.00902503054719
sz399015,2017-08-24,2495.2,2479.77,2474.48,2498.66,4014952600.0,46517060000.0,-0.00676901632975
sz399015,2017-08-23,2506.0,2496.67,2491.37,2511.48,4085506800.0,47099180000.0,-0.00534245920449
sz399015,2017-08-22,2523.49,2510.08,2504.93,2524.03,4666570100.0,55297280000.0,-0.0063811258016
sz399015,2017-08-21,2510.16,2526.2,2510.16,2526.2,4427686600.0,51823340000.0,0.00761836384668
sz399015,2017-08-18,2502.99,2507.1,2497.88,2514.42,5206339500.0,61495380000.0,-0.00486236529263
sz399015,2017-08-17,2495.98,2519.35,2494.31,2519.6,5458221000.0,63503700000.0,0.00925388082123
sz399015,2017-08-16,2480.55,2496.25,2473.03,2499.62,4974259000.0,57592920000.0,0.00540917182881
sz399015,2017-08-15,2475.42,2482.82,2467.79,2482.82,4427990300.0,50044700000.0,0.00331364007403
sz399015,2017-08-14,2427.56,2474.62,2427.56,2474.62,4783567700.0,53245490000.0,0.0197932077524
sz399015,2017-08-11,2442.74,2426.59,2423.6,2454.47,5138748400.0,55770530000.0,-0.0135051081181
sz399015,2017-08-10,2475.26,2459.81,2440.78,2480.66,5100337800.0,57421320000.0,-0.00848895750281
sz399015,2017-08-09,2474.35,2480.87,2469.99,2481.87,4814143900.0,53830860000.0,0.00118647419419
sz399015,2017-08-08,2470.03,2477.93,2460.46,2480.67,5496945900.0,59156020000.0,0.003251143771
sz399015,2017-08-07,2446.74,2469.9,2446.68,2469.9,4922147600.0,51718700000.0,0.00783860871836
sz399015,2017-08-04,2460.96,2450.69,2450.69,2468.37,5568659500.0,59070940000.0,-0.00447656303951
sz399015,2017-08-03,2445.77,2461.71,2443.64,2471.8,5150613700.0,58244000000.0,0.00422214607402
sz399015,2017-08-02,2470.84,2451.36,2450.06,2473.98,5801977200.0,64332590000.0,-0.00837358316546
sz399015,2017-08-01,2469.86,2472.06,2460.4,2475.18,5534713400.0,60929420000.0,0.000526153895967
sz399015,2017-07-31,2453.0,2470.76,2448.78,2471.45,5381977600.0,59869760000.0,0.00628838603522
sz399015,2017-07-28,2449.67,2455.32,2448.04,2460.08,4965832900.0,56670650000.0,0.000460437048476
sz399015,2017-07-27,2412.9,2454.19,2406.67,2454.78,5905490600.0,65689730000.0,0.0150424762803
sz399015,2017-07-26,2412.3,2417.82,2400.82,2417.82,4261169900.0,46401960000.0,0.00183144112041
sz399015,2017-07-25,2414.92,2413.4,2400.16,2421.56,4060047800.0,43928840000.0,-0.00226138651519
sz399015,2017-07-24,2398.11,2418.87,2394.71,2419.42,4919280000.0,52366910000.0,0.00721200891091
sz399015,2017-07-21,2397.46,2401.55,2395.96,2406.92,4285965400.0,44605490000.0,0.000116604963207
sz399015,2017-07-20,2389.14,2401.27,2386.73,2411.72,4534410300.0,48363450000.0,0.00407270659369
sz399015,2017-07-19,2361.59,2391.53,2354.25,2391.53,4525293100.0,46851980000.0,0.0107989078521
sz399015,2017-07-18,2334.14,2365.98,2323.77,2365.98,4051804700.0,43136660000.0,0.00751597944071
sz399015,2017-07-17,2460.09,2348.33,2346.63,2460.09,5529705300.0,58679470000.0,-0.0499937295452
sz399015,2017-07-14,2479.98,2471.91,2466.16,2481.05,3469023500.0,40089240000.0,-0.00497530461665
sz399015,2017-07-13,2483.59,2484.27,2477.02,2490.87,3917999800.0,44253480000.0,-0.00168778406009
sz399015,2017-07-12,2488.4,2488.47,2454.33,2496.74,4372168100.0,48593300000.0,-0.00218131368012
sz399015,2017-07-11,2518.96,2493.91,2493.61,2522.79,4253052900.0,48834690000.0,-0.0118510828823
sz399015,2017-07-10,2531.98,2523.82,2519.86,2535.47,4768457600.0,54823530000.0,-0.00525784735689
sz399015,2017-07-07,2526.18,2537.16,2523.74,2537.16,4515378500.0,52966150000.0,0.0022477058784
sz399015,2017-07-06,2528.94,2531.47,2513.75,2536.87,4626894400.0,54398010000.0,0.000375416910358
sz399015,2017-07-05,2509.8,2530.52,2506.7,2530.52,3726724500.0,43313080000.0,0.00787414119287
sz399015,2017-07-04,2514.74,2510.75,2505.21,2515.73,3358540700.0,38979260000.0,-0.00241970089477
sz399015,2017-07-03,2495.96,2516.84,2491.68,2516.84,3329571700.0,38752620000.0,0.00851502049616
sz399015,2017-06-30,2484.85,2495.59,2480.72,2497.61,3065876300.0,34865030000.0,0.00177024542586
sz399015,2017-06-29,2481.79,2491.18,2481.79,2498.74,3048508200.0,35638880000.0,0.00397773756604
sz399015,2017-06-28,2496.01,2481.31,2478.02,2496.01,3368210500.0,38692490000.0,-0.00761493390925
sz399015,2017-06-27,2496.07,2500.35,2490.71,2505.99,3551570500.0,39464110000.0,0.00150204277818
sz399015,2017-06-26,2465.79,2496.6,2462.75,2496.6,3611295800.0,40475810000.0,0.0116580153414
sz399015,2017-06-23,2464.01,2467.83,2433.01,2470.97,3921796400.0,42414600000.0,-0.000368609088037
sz399015,2017-06-22,2509.41,2468.74,2468.74,2512.37,4579583800.0,50970550000.0,-0.017565502531
sz399015,2017-06-21,2512.2,2512.88,2496.37,2515.06,3905875900.0,44778480000.0,0.00090416273336
sz399015,2017-06-20,2511.0,2510.61,2508.08,2522.43,4313774600.0,50306920000.0,0.000358607169753
sz399015,2017-06-19,2489.9,2509.71,2489.4,2509.71,3711122700.0,42475200000.0,0.00697743467933
sz399015,2017-06-16,2496.33,2492.32,2489.2,2498.82,3809162900.0,43968440000.0,-0.00185426219988
sz399015,2017-06-15,2464.81,2496.95,2464.3,2500.74,4488998300.0,50353560000.0,0.0110910445585
sz399015,2017-06-14,2467.44,2469.56,2461.33,2475.91,3887346500.0,43957950000.0,-3.6442410868e-05
sz399015,2017-06-13,2434.07,2469.65,2433.63,2470.67,3689217800.0,40756080000.0,0.012977797466
sz399015,2017-06-12,2460.82,2438.01,2436.37,2461.75,3713506200.0,40848920000.0,-0.0145791566966
sz399015,2017-06-09,2469.75,2474.08,2454.25,2475.54,4253097000.0,47591510000.0,0.000254704966747
sz399015,2017-06-08,2474.34,2473.45,2468.73,2482.59,4805231700.0,53296970000.0,-0.000787751474509
sz399015,2017-06-07,2425.23,2475.4,2424.01,2475.4,5013024600.0,54738240000.0,0.020371148979
sz399015,2017-06-06,2412.57,2425.98,2408.02,2426.89,3601634900.0,38813120000.0,0.00389810308869
sz399015,2017-06-05,2400.07,2416.56,2399.11,2420.81,3926516900.0,42430010000.0,0.00822329307216
sz399015,2017-06-02,2361.76,2396.85,2343.56,2399.7,4077284300.0,42965850000.0,0.0109835878877
sz399015,2017-06-01,2423.03,2370.81,2370.39,2423.03,4035353800.0,43903960000.0,-0.0243499946502
sz399015,2017-05-31,2458.8,2429.98,2429.12,2466.71,3918975700.0,44047850000.0,-0.00281102908287
sz399015,2017-05-26,2436.93,2436.83,2434.5,2449.14,4044795800.0,44235190000.0,-9.84789111516e-05
sz399015,2017-05-25,2413.3,2437.07,2388.45,2438.93,4432224800.0,47673650000.0,0.00870015107303
sz399015,2017-05-24,2390.8,2416.05,2359.73,2416.05,3687235300.0,40025530000.0,0.00515045742552
sz399015,2017-05-23,2465.41,2403.67,2401.5,2467.76,4123696200.0,47033990000.0,-0.0276179842553
sz399015,2017-05-22,2510.47,2471.94,2465.35,2516.29,3822470300.0,45095340000.0,-0.0160610439081
sz399015,2017-05-19,2513.5,2512.29,2500.02,2520.75,3640171100.0,43594900000.0,-0.000541045889444
sz399015,2017-05-18,2513.19,2513.65,2506.34,2534.46,4033333000.0,50464740000.0,-0.00709822169204
sz399015,2017-05-17,2524.94,2531.62,2522.6,2543.23,4408724100.0,56483080000.0,0.00221295867428
sz399015,2017-05-16,2469.1,2526.03,2451.71,2526.03,4435850700.0,57552090000.0,0.0214725042763
sz399015,2017-05-15,2470.3,2472.93,2470.3,2481.77,3026725400.0,38819410000.0,0.00355494953676
sz399015,2017-05-12,2463.44,2464.17,2444.14,2472.61,3278701500.0,40916590000.0,-0.00256223436551
sz399015,2017-05-11,2470.24,2470.5,2407.32,2473.7,4010540100.0,47165370000.0,-0.00677028472183
sz399015,2017-05-10,2537.05,2487.34,2486.56,2549.58,3661789100.0,45694710000.0,-0.020269418623
sz399015,2017-05-09,2516.0,2538.8,2498.64,2538.8,3338260700.0,41942650000.0,0.00489225946391
sz399015,2017-05-08,2569.27,2526.44,2526.44,2572.45,3745762900.0,47690810000.0,-0.0193343037361
sz399015,2017-05-05,2598.76,2576.25,2576.25,2601.26,4057361100.0,51767230000.0,-0.0117345138175
sz399015,2017-05-04,2602.24,2606.84,2590.94,2630.57,4432393700.0,57738620000.0,-0.00138290333084
sz399015,2017-05-03,2610.44,2610.45,2598.65,2619.96,4238628800.0,55989830000.0,-0.00165978912264
sz399015,2017-05-02,2607.25,2614.79,2601.85,2615.08,3755715000.0,48423480000.0,0.00269195519544
sz399015,2017-04-28,2585.94,2607.77,2583.19,2607.77,3724897000.0,47698360000.0,0.00608410493827
sz399015,2017-04-27,2570.91,2592.0,2526.23,2596.18,4896150200.0,61687540000.0,0.00637526304755
sz399015,2017-04-26,2566.53,2575.58,2565.38,2581.28,3614045300.0,46533060000.0,0.00308061394182
sz399015,2017-04-25,2560.88,2567.67,2558.01,2586.72,3572411400.0,45510340000.0,0.00222093849288
sz399015,2017-04-24,2630.89,2561.98,2561.98,2630.89,3817479800.0,47061480000.0,-0.0289166764584
sz399015,2017-04-21,2649.18,2638.27,2636.02,2660.75,3282944900.0,43060890000.0,-0.00418967528129
sz399015,2017-04-20,2657.17,2649.37,2628.92,2670.06,3973401900.0,51033050000.0,-0.00369660048135
sz399015,2017-04-19,2679.79,2659.2,2626.8,2679.98,4756182200.0,58682560000.0,-0.0117290282299
sz399015,2017-04-18,2713.63,2690.76,2688.55,2724.29,4278315900.0,57149510000.0,-0.00863240966918
sz399015,2017-04-17,2742.58,2714.19,2700.79,2742.58,4631532100.0,58658660000.0,-0.0136387423139
sz399015,2017-04-14,2794.86,2751.72,2749.19,2795.64,4954226000.0,60004280000.0,-0.0155974986764
sz399015,2017-04-13,2783.13,2795.32,2780.46,2804.02,4540177800.0,54812320000.0,0.00309686402147
sz399015,2017-04-12,2808.82,2786.69,2785.62,2808.85,5334597000.0,66164410000.0,-0.00847885800492
sz399015,2017-04-11,2785.63,2810.52,2762.51,2810.52,6075870700.0,78953000000.0,0.00782804829508
sz399015,2017-04-10,2810.91,2788.69,2785.61,2811.0,5423236600.0,71065420000.0,-0.00996535026058
sz399015,2017-04-07,2811.96,2816.76,2805.23,2823.56,4751480900.0,62318900000.0,0.00120140187248
sz399015,2017-04-06,2813.3,2813.38,2805.74,2819.7,4846172900.0,64103010000.0,0.00132043976695
sz399015,2017-04-05,2762.99,2809.67,2762.99,2809.67,4870717100.0,64185990000.0,0.0211411957114
sz399015,2017-03-31,2746.75,2751.5,2736.11,2757.05,4006923100.0,54193970000.0,0.00171472882892
sz399015,2017-03-30,2799.47,2746.79,2743.23,2800.23,5095734500.0,69089980000.0,-0.0204658759423
sz399015,2017-03-29,2824.26,2804.18,2801.49,2825.97,4444773300.0,64001240000.0,-0.00684960616535
sz399015,2017-03-28,2829.32,2823.52,2818.82,2832.97,3875175400.0,55224560000.0,-0.00259989826485
sz399015,2017-03-27,2840.15,2830.88,2828.49,2843.26,4355902400.0,62162070000.0,-0.00273370346363
sz399015,2017-03-24,2832.4,2838.64,2823.63,2840.64,4208895700.0,61282320000.0,0.00154184322595
sz399015,2017-03-23,2833.81,2834.27,2803.26,2843.94,4677498200.0,69990760000.0,0.000624889673433
sz399015,2017-03-22,2832.8,2832.5,2816.24,2841.0,4437040700.0,63898000000.0,-0.0039070055317
sz399015,2017-03-21,2838.63,2843.61,2831.94,2843.61,3982401200.0,58590830000.0,0.000872892123909
sz399015,2017-03-20,2825.36,2841.13,2820.25,2841.13,4374563300.0,64045780000.0,0.0048773759081
sz399015,2017-03-17,2847.87,2827.34,2826.73,2860.49,5055791500.0,72898810000.0,-0.0065426077668
sz399015,2017-03-16,2820.35,2845.96,2820.35,2845.96,4303027900.0,61632620000.0,0.0101154940975
sz399015,2017-03-15,2814.81,2817.46,2806.57,2821.51,3630977200.0,52268700000.0,-0.000560474487769
sz399015,2017-03-14,2828.24,2819.04,2813.18,2832.28,3905629300.0,56117780000.0,-0.00260049037819
sz399015,2017-03-13,2804.89,2826.39,2789.01,2826.39,3878035400.0,54798610000.0,0.00672482021435
sz399015,2017-03-10,2802.14,2807.51,2800.88,2815.15,3571740300.0,51612120000.0,0.00119108327954
sz399015,2017-03-09,2817.72,2804.17,2796.85,2818.19,3879497500.0,53254270000.0,-0.00629356504236
sz399015,2017-03-08,2834.98,2821.93,2813.82,2835.17,4057340900.0,55755600000.0,-0.00531896144546
sz399015,2017-03-07,2832.03,2837.02,2821.27,2837.02,4516014200.0,63378340000.0,0.00209459960651
sz399015,2017-03-06,2798.73,2831.09,2798.73,2831.09,4354771900.0,61759850000.0,0.0122568211641
sz399015,2017-03-03,2778.51,2796.81,2769.59,2798.6,4101221300.0,58386750000.0,0.00392335635419
sz399015,2017-03-02,2803.42,2785.88,2784.81,2806.79,4417629100.0,61676700000.0,-0.00570690288986
sz399015,2017-03-01,2792.31,2801.87,2790.91,2809.59,4527649400.0,63536890000.0,0.00283469639757
sz399015,2017-02-28,2783.65,2793.95,2778.94,2793.95,4024039300.0,53667780000.0,0.00362806904108
sz399015,2017-02-27,2803.26,2783.85,2781.74,2806.64,4392306000.0,57716520000.0,-0.0074445668567
sz399015,2017-02-24,2790.24,2804.73,2786.75,2805.27,4307427400.0,57616190000.0,0.00399488826126
sz399015,2017-02-23,2792.19,2793.57,2775.64,2794.31,4989523100.0,64129470000.0,-0.000250512656257
sz399015,2017-02-22,2780.44,2794.27,2776.73,2794.27,5093046900.0,64277090000.0,0.00467773599016
sz399015,2017-02-21,2754.48,2781.26,2753.58,2781.26,4954454200.0,63840100000.0,0.0103422346056
sz399015,2017-02-20,2725.85,2752.79,2725.58,2752.79,4274583300.0,53890010000.0,0.00915752930006
sz399015,2017-02-17,2752.9,2727.81,2724.26,2757.2,4303539700.0,54397750000.0,-0.009854952522
sz399015,2017-02-16,2734.88,2754.96,2733.2,2755.64,3980876600.0,50112000000.0,0.00573147492388
sz399015,2017-02-15,2765.16,2739.26,2735.18,2771.97,4510962400.0,59201910000.0,-0.010540232044
sz399015,2017-02-14,2767.03,2768.44,2759.46,2771.03,4160220700.0,53791880000.0,0.000285440716854
sz399015,2017-02-13,2750.33,2767.65,2746.45,2768.5,4304566000.0,52789750000.0,0.005478516441
sz399015,2017-02-10,2761.68,2752.57,2751.93,2764.1,4626021500.0,57234460000.0,-0.00373521928126
sz399015,2017-02-09,2739.28,2762.89,2737.44,2763.17,4363388100.0,56410760000.0,0.00827673791425
sz399015,2017-02-08,2717.5,2740.21,2702.6,2740.21,3866741200.0,48051170000.0,0.00648656590329
sz399015,2017-02-07,2716.4,2722.55,2706.31,2725.82,3639504600.0,47191380000.0,0.000716753657282
sz399015,2017-02-06,2691.45,2720.6,2687.8,2720.6,3007193300.0,38995510000.0,0.010586530961
sz399015,2017-02-03,2702.84,2692.1,2682.58,2704.95,2129470900.0,28150210000.0,-0.00367501471116
sz399015,2017-01-26,2685.19,2702.03,2685.13,2702.03,2374785100.0,31044080000.0,0.00656757562211
sz399015,2017-01-25,2669.75,2684.4,2667.23,2687.82,2707262800.0,36039480000.0,0.00359655747389
sz399015,2017-01-24,2685.63,2674.78,2670.93,2686.61,3024983300.0,37574470000.0,-0.00494776941162
sz399015,2017-01-23,2667.06,2688.08,2667.06,2694.31,3296579300.0,42249900000.0,0.00946722896724
sz399015,2017-01-20,2615.32,2662.87,2614.65,2666.39,3239736500.0,41307070000.0,0.0167933742922
sz399015,2017-01-19,2618.28,2618.89,2606.65,2631.18,2929908900.0,36708790000.0,-0.00252901318972
sz399015,2017-01-18,2632.72,2625.53,2621.32,2641.13,3170687700.0,40060900000.0,-0.00459122548945
sz399015,2017-01-17,2593.94,2637.64,2565.7,2637.92,3623740600.0,45894190000.0,0.0129341464539
sz399015,2017-01-16,2712.01,2603.96,2533.98,2712.56,4837505200.0,59721420000.0,-0.0427391902126
sz399015,2017-01-13,2765.6,2720.22,2717.23,2768.95,3487991700.0,45733610000.0,-0.0171940993059
sz399015,2017-01-12,2789.64,2767.81,2764.94,2799.03,3489241300.0,45638640000.0,-0.00901542791059
sz399015,2017-01-11,2818.7,2792.99,2792.99,2824.98,3862273400.0,49847770000.0,-0.0108477769672
sz399015,2017-01-10,2830.72,2823.62,2822.21,2841.19,4165855700.0,54201040000.0,-0.00295551891073
sz399015,2017-01-09,2817.05,2831.99,2810.86,2831.99,4005001600.0,50613990000.0,0.00371076582835
sz399015,2017-01-06,2839.03,2821.52,2820.28,2839.91,4745957700.0,60754060000.0,-0.00711535889983
sz399015,2017-01-05,2839.6,2841.74,2836.64,2849.31,4350250600.0,59245820000.0,-0.00016184645697
sz399015,2017-01-04,2809.54,2842.2,2807.36,2842.2,4806340300.0,62689540000.0,0.0118191527234
sz399015,2017-01-03,2788.4,2809.0,2788.4,2809.0,3551346400.0,45472950000.0,0.00881319896856
sz399015,2016-12-30,2782.81,2784.46,2775.0,2791.98,3831009400.0,46885140000.0,0.000632479246775
sz399015,2016-12-29,2787.87,2782.7,2781.75,2802.4,3712349100.0,47576510000.0,-0.00393743064753
sz399015,2016-12-28,2799.34,2793.7,2787.8,2804.69,3986583300.0,49990340000.0,-0.00265606146069
sz399015,2016-12-27,2794.25,2801.14,2792.63,2808.25,3863201800.0,50558910000.0,0.00203545046415
sz399015,2016-12-26,2769.51,2795.45,2742.12,2795.45,3872664400.0,49540780000.0,0.0058614833259
sz399015,2016-12-23,2805.44,2779.16,2774.94,2807.79,3858091900.0,48834140000.0,-0.00972755713604
sz399015,2016-12-22,2807.5,2806.46,2793.1,2810.68,4115368800.0,50807910000.0,-0.000284975385251
sz399015,2016-12-21,2792.03,2807.26,2792.03,2809.03,4211570200.0,52077790000.0,0.00720441449781
sz399015,2016-12-20,2786.06,2787.18,2775.88,2792.34,3821423100.0,46923130000.0,-0.000674062228851
sz399015,2016-12-19,2792.57,2789.06,2781.64,2793.08,4209512700.0,50947330000.0,-0.001775219934
sz399015,2016-12-16,2761.94,2794.02,2761.81,2795.86,4580714100.0,58575840000.0,0.0122930773996
sz399015,2016-12-15,2722.06,2760.09,2718.91,2772.76,4280106400.0,55491550000.0,0.0099565293756
sz399015,2016-12-14,2747.73,2732.88,2722.72,2760.23,4227088600.0,54902300000.0,-0.0072723309964
sz399015,2016-12-13,2732.01,2752.9,2709.48,2760.38,4545935300.0,57960500000.0,0.00421325259452
sz399015,2016-12-12,2887.78,2741.35,2739.79,2888.94,6120449600.0,78379240000.0,-0.0502825230643
sz399015,2016-12-09,2895.17,2886.49,2881.54,2900.28,4151264800.0,55333170000.0,-0.00433245373484
sz399015,2016-12-08,2921.49,2899.05,2897.38,2922.02,4207239700.0,56247790000.0,-0.00725965242702
sz399015,2016-12-07,2886.85,2920.25,2883.51,2920.25,4254863600.0,54606860000.0,0.0111844041621
sz399015,2016-12-06,2881.26,2887.95,2880.92,2894.63,3910902800.0,51262770000.0,0.00343982905092
sz399015,2016-12-05,2869.85,2878.05,2861.76,2897.55,4537776500.0,58835060000.0,-0.00592016413431
sz399015,2016-12-02,2942.89,2895.19,2895.19,2944.36,5115847900.0,66230820000.0,-0.016068133235
sz399015,2016-12-01,2932.03,2942.47,2932.03,2942.47,4346098800.0,57266230000.0,0.00513074518779
sz399015,2016-11-30,2924.28,2927.45,2914.99,2938.86,4528090700.0,59635340000.0,-0.000887356871043
sz399015,2016-11-29,2960.63,2930.05,2930.05,2962.68,5408628200.0,68276710000.0,-0.0115074759797
sz399015,2016-11-28,2972.97,2964.16,2962.5,2976.62,5178669400.0,67118490000.0,-0.00147883646898
sz399015,2016-11-25,2960.47,2968.55,2910.42,2968.55,5548715400.0,72115840000.0,0.0017513903137
sz399015,2016-11-24,2980.26,2963.36,2955.82,2986.69,5985713100.0,78890350000.0,-0.00760863741092
sz399015,2016-11-23,3007.23,2986.08,2979.59,3010.32,6612616500.0,90323140000.0,-0.00597530650493
sz399015,2016-11-22,2980.62,3004.03,2980.05,3004.03,5953995700.0,80958830000.0,0.00863915656583
sz399015,2016-11-21,2969.38,2978.3,2967.3,2979.54,5655055100.0,74486080000.0,0.00332498997787
sz399015,2016-11-18,2977.73,2968.43,2963.79,2982.77,5785003700.0,73580900000.0,-0.00278494450267
sz399015,2016-11-17,2983.0,2976.72,2962.59,2983.0,5653135700.0,71006960000.0,-0.00366506341062
sz399015,2016-11-16,2989.99,2987.67,2986.34,2997.49,6556002800.0,86258380000.0,0.000408511778198
sz399015,2016-11-15,2970.76,2986.45,2961.43,2986.45,6483355800.0,83822690000.0,0.00535254414166
sz399015,2016-11-14,2955.17,2970.55,2950.86,2972.91,7442633700.0,94450940000.0,0.00355062769422
sz399015,2016-11-11,2947.01,2960.04,2942.99,2960.04,7490874800.0,94442260000.0,0.00411137344297
sz399015,2016-11-10,2930.82,2947.92,2930.82,2947.97,6738396300.0,87411100000.0,0.0126968422788
sz399015,2016-11-09,2928.43,2910.96,2875.81,2931.4,6660891100.0,86406140000.0,-0.00613534635515
sz399015,2016-11-08,2919.86,2928.93,2915.6,2931.78,5260432000.0,68253030000.0,0.0055065587784
sz399015,2016-11-07,2913.8,2912.89,2902.35,2919.79,5441099700.0,69521140000.0,-0.000298583273846
sz399015,2016-11-04,2920.55,2913.76,2907.26,2931.7,5843229100.0,76172840000.0,-0.00227707753363
sz399015,2016-11-03,2897.88,2920.41,2896.34,2938.59,6639511000.0,84647390000.0,0.00590022319583
sz399015,2016-11-02,2913.19,2903.28,2901.31,2922.07,6040783300.0,77579950000.0,-0.00474099365468
sz399015,2016-11-01,2886.26,2917.11,2885.79,2917.11,4961246200.0,66137480000.0,0.011256170614
sz399015,2016-10-31,2878.06,2884.64,2864.09,2887.77,4464504300.0,57767570000.0,0.000201105386157
sz399015,2016-10-28,2910.97,2884.06,2883.77,2915.88,5221566400.0,63681340000.0,-0.0100639120197
sz399015,2016-10-27,2911.79,2913.38,2901.56,2914.02,4689207100.0,58770210000.0,-0.000185317373161
sz399015,2016-10-26,2924.43,2913.92,2902.51,2924.66,5984750900.0,75977970000.0,-0.00345414874043
sz399015,2016-10-25,2911.77,2924.02,2910.83,2924.02,5358564200.0,67108910000.0,0.00426569583734
sz399015,2016-10-24,2893.72,2911.6,2888.31,2914.61,5471006300.0,66374060000.0,0.00613022053589
sz399015,2016-10-21,2909.1,2893.86,2865.79,2909.1,5526124500.0,66788270000.0,-0.00650915607556
sz399015,2016-10-20,2899.61,2912.82,2897.55,2915.52,5751435400.0,70726050000.0,0.00461468421488
sz399015,2016-10-19,2905.9,2899.44,2891.95,2912.47,5404784600.0,67296510000.0,-0.00130200260401
sz399015,2016-10-18,2857.91,2903.22,2857.85,2903.22,5171571100.0,65367370000.0,0.0145549471095
sz399015,2016-10-17,2891.09,2861.57,2852.04,2894.81,5419579800.0,69942470000.0,-0.00873978107247
sz399015,2016-10-14,2883.64,2886.8,2864.85,2888.27,5082156800.0,62175140000.0,-0.000609300135708
sz399015,2016-10-13,2885.05,2888.56,2882.5,2896.66,4941430300.0,60927950000.0,0.00144918492016
sz399015,2016-10-12,2876.21,2884.38,2870.18,2884.94,4648027200.0,58434990000.0,0.0011488787152
sz399015,2016-10-11,2864.23,2881.07,2860.89,2881.07,4909955600.0,62101390000.0,0.00563715566229
sz399015,2016-10-10,2822.35,2864.92,2815.61,2864.92,4916027500.0,62815710000.0,0.0190222803972
sz399015,2016-09-30,2793.59,2811.44,2793.12,2812.72,3575738300.0,43372980000.0,0.00492913695423
sz399015,2016-09-29,2789.87,2797.65,2789.85,2808.61,3852883400.0,45566840000.0,0.00293964760078
sz399015,2016-09-28,2792.61,2789.45,2784.61,2795.96,3617076400.0,44306100000.0,-0.00134254618359
sz399015,2016-09-27,2770.21,2793.2,2753.64,2793.2,4088432600.0,51092150000.0,0.00612710225165
sz399015,2016-09-26,2824.88,2776.19,2776.19,2826.37,4728822800.0,60392670000.0,-0.0188823941024
sz399015,2016-09-23,2845.67,2829.62,2828.65,2847.3,4497866100.0,56977510000.0,-0.00532556234775
sz399015,2016-09-22,2844.74,2844.77,2841.22,2853.61,4604002400.0,58442320000.0,0.00542869361457
sz399015,2016-09-21,2822.44,2829.41,2822.01,2837.83,3852860200.0,48879820000.0,0.00161779074213
sz399015,2016-09-20,2828.15,2824.84,2815.96,2829.02,4347878300.0,54454100000.0,-0.00086655419147
sz399015,2016-09-19,2798.46,2827.29,2798.46,2827.29,4173856800.0,52938840000.0,0.0113501409378
sz399015,2016-09-14,2791.33,2795.56,2780.76,2808.44,4428409700.0,55028460000.0,-0.00368154132913
sz399015,2016-09-13,2795.76,2805.89,2785.08,2805.89,4528765900.0,57152120000.0,0.00877590347585
sz399015,2016-09-12,2817.38,2781.48,2781.46,2828.46,5991979900.0,73765000000.0,-0.0311976454607
sz399015,2016-09-09,2887.81,2871.05,2871.05,2897.07,5592292300.0,70802820000.0,-0.00612377714851
sz399015,2016-09-08,2873.52,2888.74,2870.15,2888.74,5316344000.0,68356550000.0,0.00458694858375
sz399015,2016-09-07,2875.73,2875.55,2871.7,2895.2,6617902800.0,84343030000.0,0.000347880537823
sz399015,2016-09-06,2827.51,2874.55,2805.88,2874.55,5817628200.0,74107070000.0,0.0165898063403
sz399015,2016-09-05,2821.25,2827.64,2820.88,2841.45,4402133800.0,55583260000.0,0.00474364759851
sz399015,2016-09-02,2825.84,2814.29,2799.35,2836.29,4299257500.0,56154330000.0,-0.00656222642682
sz399015,2016-09-01,2850.92,2832.88,2832.88,2856.83,4631373200.0,58760020000.0,-0.00681202253612
sz399015,2016-08-31,2849.39,2852.31,2829.97,2853.67,4492158500.0,58249870000.0,0.000382292492337
sz399015,2016-08-30,2857.25,2851.22,2845.88,2867.2,4589490100.0,60385360000.0,-0.00121554354413
sz399015,2016-08-29,2844.72,2854.69,2841.19,2861.15,4516010500.0,62190020000.0,0.00270813282847
sz399015,2016-08-26,2841.16,2846.98,2840.35,2869.85,4884919900.0,69937940000.0,0.00334450517887
sz399015,2016-08-25,2838.03,2837.49,2802.46,2841.58,4981141200.0,69247240000.0,-0.00520625170912
sz399015,2016-08-24,2843.58,2852.34,2841.67,2866.19,4591055700.0,63786780000.0,0.00345115091134
sz399015,2016-08-23,2834.19,2842.53,2823.41,2851.55,4930818000.0,65536740000.0,0.00173738370454
sz399015,2016-08-22,2872.0,2837.6,2836.69,2877.37,5612884200.0,75384630000.0,-0.0123456790123
sz399015,2016-08-19,2860.47,2873.07,2852.32,2879.52,5417602500.0,72924390000.0,0.00286926017069
sz399015,2016-08-18,2860.52,2864.85,2855.91,2872.99,6200314400.0,82079710000.0,-5.23560209424e-05
sz399015,2016-08-17,2852.77,2865.0,2844.75,2872.09,5703303600.0,79017760000.0,0.00341476228001
sz399015,2016-08-16,2833.76,2855.25,2833.19,2863.01,6312134600.0,87046950000.0,0.00814210910991
sz399015,2016-08-15,2777.23,2832.19,2762.99,2837.1,6502108300.0,87079270000.0,0.0209106835173
sz399015,2016-08-12,2743.59,2774.18,2739.88,2774.18,4030448700.0,51890690000.0,0.00934327815172
sz399015,2016-08-11,2786.33,2748.5,2748.5,2791.41,4810356500.0,62863070000.0,-0.0162813753807
sz399015,2016-08-10,2799.22,2793.99,2792.47,2811.08,5038105000.0,66265760000.0,-0.00211078967106
sz399015,2016-08-09,2770.03,2799.9,2768.34,2799.9,5130297800.0,65893140000.0,0.0105899168399
sz399015,2016-08-08,2733.76,2770.56,2714.27,2770.56,4252893800.0,55801420000.0,0.0105705469109
sz399015,2016-08-05,2755.96,2741.58,2738.79,2760.92,4162850500.0,57692810000.0,-0.00590673236955
sz399015,2016-08-04,2734.1,2757.87,2725.0,2761.92,4393227500.0,60363140000.0,0.00808921900473
sz399015,2016-08-03,2717.38,2735.74,2713.05,2737.61,4175211800.0,55307590000.0,0.00523979599336
sz399015,2016-08-02,2696.74,2721.48,2695.24,2721.48,3319741800.0,46197150000.0,0.00802649075305
sz399015,2016-08-01,2730.91,2699.81,2666.6,2730.91,4384636400.0,60268970000.0,-0.0160145785877
sz399015,2016-07-29,2761.19,2743.75,2729.14,2766.84,4261031000.0,60300970000.0,-0.00696706478465
sz399015,2016-07-28,2762.75,2763.0,2718.65,2781.29,5654333600.0,79494340000.0,-0.0023289822889
sz399015,2016-07-27,2911.0,2769.45,2737.7,2912.33,8335613800.0,1.1668709e+11,-0.0487533446223
sz399015,2016-07-26,2875.11,2911.39,2874.95,2911.39,5261597500.0,74324600000.0,0.0123721664505
sz399015,2016-07-25,2866.42,2875.81,2859.39,2887.26,5357936200.0,77784560000.0,0.00148700697187
sz399015,2016-07-22,2897.64,2871.54,2869.28,2903.93,5579139700.0,82019980000.0,-0.00917488173408
sz399015,2016-07-21,2896.54,2898.13,2885.11,2917.77,5812190900.0,84340680000.0,-0.000175944580907
sz399015,2016-07-20,2897.22,2898.64,2892.02,2914.68,5486057300.0,81996640000.0,0.0011535937554
sz399015,2016-07-19,2877.48,2895.3,2859.14,2895.3,5097015200.0,75072320000.0,0.00478568528306
sz399015,2016-07-18,2888.16,2881.51,2864.2,2898.57,5707729000.0,83191880000.0,-0.00463912896295
sz399015,2016-07-15,2908.97,2894.94,2882.48,2911.4,5946342600.0,85947640000.0,-0.00445682451253
sz399015,2016-07-14,2899.9,2907.9,2888.36,2908.98,6149014600.0,89278070000.0,0.00206415774438
sz399015,2016-07-13,2882.55,2901.91,2871.26,2908.0,7138881700.0,1.0257646e+11,0.00843399452329
sz399015,2016-07-12,2851.41,2877.64,2809.5,2877.64,7476459500.0,1.0620689e+11,0.00816653995859
sz399015,2016-07-11,2878.68,2854.33,2852.22,2894.98,6948985500.0,1.0450006e+11,-0.00701341803242
sz399015,2016-07-08,2873.29,2874.49,2861.03,2890.56,6294251100.0,93479850000.0,-0.00172255118165
sz399015,2016-07-07,2873.57,2879.45,2847.4,2889.38,8164898300.0,1.199843e+11,0.00186842398263
sz399015,2016-07-06,2852.69,2874.08,2847.04,2877.15,6717772300.0,97400280000.0,0.00494064581549
sz399015,2016-07-05,2852.65,2859.95,2835.28,2862.93,7284827200.0,1.0559091e+11,0.00412541254125
sz399015,2016-07-04,2785.84,2848.2,2783.09,2850.89,6473788300.0,92958090000.0,0.0172687822562
sz399015,2016-07-01,2810.19,2799.85,2788.5,2820.02,5528211500.0,82833550000.0,-0.00337447006938
sz399015,2016-06-30,2813.0,2809.33,2794.02,2821.0,6082477000.0,90672840000.0,-0.000704297996308
sz399015,2016-06-29,2814.82,2811.31,2796.97,2821.53,6844793000.0,1.0003997e+11,0.00171030924529
sz399015,2016-06-28,2770.47,2806.51,2765.11,2808.27,7249846900.0,1.0800687e+11,0.0100264516942
sz399015,2016-06-27,2693.92,2778.65,2693.25,2778.65,6307195100.0,94949810000.0,0.0234174441175
sz399015,2016-06-24,2723.36,2715.07,2628.04,2747.88,7459609700.0,1.0872983e+11,-0.00517005107761
sz399015,2016-06-23,2734.72,2729.18,2705.89,2745.88,6151742300.0,92048630000.0,-0.0037816567745
sz399015,2016-06-22,2680.77,2739.54,2678.28,2739.54,5627629200.0,83826920000.0,0.0184958677071
sz399015,2016-06-21,2737.85,2689.79,2674.81,2751.45,6199894500.0,94557720000.0,-0.0115644958585
sz399015,2016-06-20,2711.45,2721.26,2683.71,2726.91,5615223500.0,84668310000.0,0.00290412695605
sz399015,2016-06-17,2699.57,2713.38,2689.69,2731.24,6555900000.0,97812920000.0,0.00748172268986
sz399015,2016-06-16,2686.54,2693.23,2681.07,2714.99,6911791800.0,1.0517931e+11,0.00269173492182
sz399015,2016-06-15,2563.77,2686.0,2560.19,2695.64,6398010100.0,93445490000.0,0.0365493634445
sz399015,2016-06-14,2565.71,2591.29,2558.56,2596.05,4781013900.0,67137600000.0,0.0042086008921
sz399015,2016-06-13,2672.09,2580.43,2580.43,2699.68,6310529700.0,93356210000.0,-0.0484333110846
sz399015,2016-06-08,2706.84,2711.77,2681.67,2727.47,5532481500.0,85016470000.0,-0.000169602135512
sz399015,2016-06-07,2707.75,2712.23,2691.13,2713.29,5376655400.0,80780320000.0,0.00139193490028
sz399015,2016-06-06,2698.92,2708.46,2687.36,2711.49,5694349100.0,86409480000.0,0.00619664311348
sz399015,2016-06-03,2685.43,2691.78,2677.92,2709.29,6573921900.0,1.0017653e+11,0.00174538255138
sz399015,2016-06-02,2652.74,2687.09,2650.79,2687.09,6468189900.0,95907790000.0,0.0114961133801
sz399015,2016-06-01,2637.1,2656.55,2636.54,2677.61,7067088100.0,1.0415764e+11,0.00923548004741
sz399015,2016-05-31,2529.43,2632.24,2529.43,2632.24,6713064600.0,93179720000.0,0.0416091235373
sz399015,2016-05-30,2527.82,2527.09,2504.51,2553.29,3875639400.0,54249380000.0,-0.00661186913059
sz399015,2016-05-27,2542.34,2543.91,2534.7,2564.99,4437299000.0,63964890000.0,-0.00197336932215
sz399015,2016-05-26,2525.7,2548.94,2475.92,2548.94,4719565700.0,66059610000.0,0.00585612248925
sz399015,2016-05-25,2556.03,2534.1,2518.6,2569.63,4251506200.0,61527150000.0,-0.00223248561878
sz399015,2016-05-24,2559.4,2539.77,2518.71,2559.4,4449346100.0,63321780000.0,-0.00939985256663
sz399015,2016-05-23,2524.39,2563.87,2524.3,2563.94,4830348800.0,71608360000.0,0.0182127950246
sz399015,2016-05-20,2466.92,2518.01,2456.31,2518.01,4381999700.0,62849540000.0,0.0119886824908
sz399015,2016-05-19,2468.65,2488.18,2468.65,2520.39,4282217200.0,62351730000.0,0.00731954171896
sz399015,2016-05-18,2524.17,2470.1,2437.46,2524.3,4811277800.0,66119180000.0,-0.030553974764
sz399015,2016-05-17,2552.08,2547.95,2531.68,2573.83,4957413600.0,73016890000.0,-0.00157134124359
sz399015,2016-05-16,2494.89,2551.96,2483.19,2551.96,4235864900.0,61608750000.0,0.0199272611007
sz399015,2016-05-13,2494.08,2502.1,2486.7,2530.73,4128903800.0,60046900000.0,-0.00103007170577
sz399015,2016-05-12,2465.82,2504.68,2425.1,2504.68,4328045000.0,60470840000.0,-0.000550665187585
sz399015,2016-05-11,2546.7,2506.06,2498.7,2554.38,4166465912.0,59086463393.0,-0.0102522765394
sz399015,2016-05-10,2534.55,2532.02,2518.69,2555.15,3794868221.0,55070679495.0,-0.00463399206938
sz399015,2016-05-09,2623.61,2543.81,2531.06,2623.68,5750365959.0,80194999843.0,-0.0421157710185
sz399015,2016-05-06,2766.5,2655.66,2655.66,2776.03,7449135216.0,1.11247e+11,-0.0392914145806
sz399015,2016-05-05,2736.88,2764.27,2729.97,2765.64,5256458694.0,79987968255.0,0.00832443596393
sz399015,2016-05-04,2727.29,2741.45,2723.24,2762.95,5970060336.0,91350944279.0,0.00185244874794
sz399015,2016-05-03,2653.37,2736.38,2641.5,2736.38,5724514067.0,85341707146.0,0.0312536744643
sz399015,2016-04-29,2636.76,2653.45,2633.2,2667.37,4252109947.0,62751181383.0,-6.1048910729e-05
sz399015,2016-04-28,2654.14,2653.61,2599.09,2659.91,5013026351.0,73077624312.0,-0.00119054205986
sz399015,2016-04-27,2669.37,2656.77,2651.68,2690.11,4915536217.0,70894408519.0,-0.00313119344059
sz399015,2016-04-26,2625.35,2665.12,2621.55,2665.12,4251055383.0,61725234189.0,0.0141367833006
sz399015,2016-04-25,2631.11,2627.97,2588.39,2636.32,4262513302.0,62446518541.0,-0.005319036192
sz399015,2016-04-22,2589.48,2642.02,2583.72,2642.02,4709393534.0,67673387670.0,0.011946004931
sz399015,2016-04-21,2635.07,2610.83,2607.56,2667.06,5591081960.0,81737047921.0,-0.0139256608183
sz399015,2016-04-20,2791.0,2647.7,2598.66,2795.8,8282513230.0,1.24406e+11,-0.0483693403861
sz399015,2016-04-19,2783.03,2782.28,2760.49,2793.02,5279121053.0,83201189101.0,0.00384250561673
sz399015,2016-04-18,2784.64,2771.63,2746.35,2784.64,5902874567.0,91522786375.0,-0.0115689021918
sz399015,2016-04-15,2804.19,2804.07,2784.53,2812.29,6112926980.0,94550928079.0,-7.489060622e-06
sz399015,2016-04-14,2783.31,2804.09,2763.29,2804.09,6359793444.0,99298087499.0,0.0128205822809
sz399015,2016-04-13,2746.3,2768.6,2746.3,2801.44,7921187612.0,1.21685e+11,0.013239921564
sz399015,2016-04-12,2747.94,2732.42,2697.26,2754.23,6146588631.0,97342700796.0,-0.00666472537863
sz399015,2016-04-11,2711.85,2750.75,2711.85,2763.89,6796133386.0,1.06793e+11,0.023365044028
sz399015,2016-04-08,2682.31,2687.95,2650.07,2696.68,6140488727.0,95869492549.0,-0.00725002465304
sz399015,2016-04-07,2755.31,2707.58,2705.89,2760.55,7203107780.0,1.13916e+11,-0.0150261087962
sz399015,2016-04-06,2718.68,2748.88,2713.86,2751.14,7261245456.0,1.14678e+11,0.00678814568692
sz399015,2016-04-05,2657.86,2730.35,2650.78,2733.43,7057690245.0,1.09125e+11,0.0294284760933
sz399015,2016-04-01,2650.9,2652.3,2603.06,2660.96,5721262853.0,87809804847.0,-0.00376513858782
sz399015,2016-03-31,2672.51,2662.32,2654.38,2692.29,6625755804.0,1.06574e+11,0.00103964800113
sz399015,2016-03-30,2580.79,2659.55,2580.79,2659.55,6197850338.0,96566266396.0,0.0390640291893
sz399015,2016-03-29,2605.06,2559.57,2536.33,2611.41,5444627225.0,80747038091.0,-0.0199369360573
sz399015,2016-03-28,2641.78,2611.64,2602.13,2669.49,6384152617.0,97125546182.0,-0.00521459247903
sz399015,2016-03-25,2595.31,2625.33,2585.27,2625.54,5661247158.0,86955265796.0,0.00750527291762
sz399015,2016-03-24,2618.47,2605.77,2593.85,2656.94,7402218640.0,1.14344e+11,-0.0147047424297
sz399015,2016-03-23,2602.07,2644.66,2597.34,2644.66,6713686559.0,1.02774e+11,0.0122205602726
sz399015,2016-03-22,2596.4,2612.73,2582.59,2633.63,7400954421.0,1.07621e+11,-0.00246717496631
sz399015,2016-03-21,2582.91,2619.19,2572.22,2619.19,8535093115.0,1.2453e+11,0.0275794236949
sz399015,2016-03-18,2463.05,2548.89,2463.05,2556.2,8133293216.0,1.17201e+11,0.0400571422975
sz399015,2016-03-17,2366.64,2450.72,2366.64,2456.11,6157540343.0,86522512438.0,0.0390323319173
sz399015,2016-03-16,2404.04,2358.66,2339.34,2412.77,4162660303.0,56673335979.0,-0.0115426055537
sz399015,2016-03-15,2397.56,2386.2,2376.51,2417.77,4546407176.0,62863961615.0,-0.00813459956529
sz399015,2016-03-14,2342.17,2405.77,2342.17,2429.56,5338623002.0,70728077577.0,0.0396742738015
sz399015,2016-03-11,2296.37,2313.97,2279.07,2330.63,3275655919.0,41365710806.0,-0.00388164366107
sz399015,2016-03-10,2364.88,2322.99,2319.16,2385.28,4020537718.0,51667517676.0,-0.0172342602049
sz399015,2016-03-09,2363.07,2363.72,2344.76,2405.45,4833076389.0,61179254753.0,-0.0227130180096
sz399015,2016-03-08,2390.89,2418.66,2299.57,2418.67,6194893642.0,77025853642.0,0.00967909859898
sz399015,2016-03-07,2361.69,2395.47,2361.69,2417.28,5110617534.0,64581390766.0,0.0247039850795
sz399015,2016-03-04,2419.02,2337.72,2308.99,2434.39,6431200416.0,79537735332.0,-0.0377163236525
sz399015,2016-03-03,2424.68,2429.35,2419.29,2473.5,7268957213.0,89357547979.0,0.00198305821563
sz399015,2016-03-02,2305.2,2424.54,2305.2,2428.48,6572326797.0,80436678150.0,0.0491661542443
sz399015,2016-03-01,2258.69,2310.92,2217.26,2329.9,5336151303.0,65160777320.0,0.0223776267089
sz399015,2016-02-29,2392.05,2260.34,2239.75,2392.05,5309168829.0,61672070304.0,-0.0615899354379
sz399015,2016-02-26,2431.92,2408.69,2352.5,2446.21,5708427477.0,72544293606.0,-0.00286016133479
sz399015,2016-02-25,2613.89,2415.6,2406.86,2613.89,7292781501.0,96875744583.0,-0.0779861178702
sz399015,2016-02-24,2606.58,2619.92,2560.08,2631.69,6053123610.0,85595153995.0,0.000961642058258
sz399015,2016-02-23,2632.33,2617.4,2579.24,2639.08,5916469292.0,84462000602.0,-0.00394972632761
sz399015,2016-02-22,2609.08,2627.78,2597.31,2627.78,5851249993.0,83166260788.0,0.0200724437117
sz399015,2016-02-19,2547.53,2576.07,2545.94,2591.99,4926964944.0,71700106303.0,0.00645976710614
sz399015,2016-02-18,2582.73,2559.54,2554.79,2595.21,6116341240.0,85932523277.0,-0.00334213614795
sz399015,2016-02-17,2527.02,2568.12,2506.62,2572.31,5687522370.0,79916635418.0,0.0145507066369
sz399015,2016-02-16,2438.94,2531.29,2438.94,2537.22,5134654994.0,70018147997.0,0.0425605788585
sz399015,2016-02-15,2336.11,2427.95,2334.57,2442.09,3536028078.0,46345935716.0,0.0024065674644
sz399015,2016-02-05,2454.27,2422.12,2421.41,2464.82,3727085918.0,50558521982.0,-0.0110061872289
sz399015,2016-02-04,2400.8,2449.08,2400.8,2458.78,4706346479.0,63421611704.0,0.02318363459
sz399015,2016-02-03,2347.88,2393.59,2332.9,2404.07,4117297292.0,54165084201.0,0.00731460766837
sz399015,2016-02-02,2289.25,2376.2,2289.25,2383.1,4313456222.0,57316880081.0,0.0392811031529
sz399015,2016-02-01,2308.15,2286.39,2248.74,2330.03,3974684320.0,51748498989.0,-0.0129993244133
sz399015,2016-01-29,2216.33,2316.51,2210.23,2338.97,4679776846.0,59643366297.0,0.0410215066086
sz399015,2016-01-28,2299.88,2225.22,2215.82,2328.04,4277394997.0,55817183872.0,-0.0472238457043
sz399015,2016-01-27,2374.62,2335.52,2213.19,2380.37,5768171241.0,73676891173.0,-0.0128462307072
sz399015,2016-01-26,2532.28,2365.91,2361.24,2534.01,5548948700.0,74002192984.0,-0.077817890405
sz399015,2016-01-25,2554.82,2565.55,2532.77,2589.97,4549064153.0,65175604956.0,0.0139187103684
sz399015,2016-01-22,2521.89,2530.34,2442.12,2544.31,4894935952.0,68908719944.0,0.0144144035792
sz399015,2016-01-21,2561.44,2494.38,2494.38,2636.49,5810838538.0,83211671542.0,-0.0443977059844
sz399015,2016-01-20,2610.02,2610.27,2585.79,2654.76,6097397429.0,87803697728.0,-0.00755737226855
sz399015,2016-01-19,2521.06,2630.15,2515.36,2632.36,6003124388.0,85700767658.0,0.0401141293387
sz399015,2016-01-18,2414.89,2528.71,2412.21,2559.38,5045718734.0,70543944490.0,0.023849231944
sz399015,2016-01-15,2540.91,2469.81,2453.72,2571.99,5510926338.0,77659780263.0,-0.0365973391626
sz399015,2016-01-14,2379.98,2563.63,2374.99,2569.73,5749787413.0,76406913180.0,0.0387290502114
sz399015,2016-01-13,2583.12,2468.04,2467.72,2609.97,5346192469.0,72889752284.0,-0.0392790828938
sz399015,2016-01-12,2558.05,2568.95,2502.76,2607.03,5659683218.0,76787795790.0,-3.542177801e-05
sz399015,2016-01-11,2709.36,2569.04,2568.31,2742.28,6581398297.0,86478836503.0,-0.07546949134
sz399015,2016-01-08,2823.8,2778.75,2625.09,2854.29,7097862102.0,1.01803e+11,0.00498631989917
sz399015,2016-01-07,2967.91,2764.97,2763.08,2967.91,1803412842.0,25271655973.0,-0.0872636511104
sz399015,2016-01-06,2970.92,3029.31,2936.99,3029.31,6292373391.0,1.01285e+11,0.0262366156741
sz399015,2016-01-05,2862.53,2951.87,2844.65,3026.57,7740886711.0,1.19425e+11,-0.0294390450723
sz399015,2016-01-04,3322.48,3041.4,3041.01,3323.43,5408645972.0,89354981099.0,-0.0871257666557
sz399015,2015-12-31,3395.24,3331.68,3331.62,3402.2,6668572981.0,1.20915e+11,-0.0181761064857
sz399015,2015-12-30,3349.49,3393.36,3344.32,3393.75,7007534911.0,1.27795e+11,0.0154215367674
sz399015,2015-12-29,3293.78,3341.82,3264.73,3341.82,6246453920.0,1.10573e+11,0.0132029701604
sz399015,2015-12-28,3379.73,3298.27,3298.27,3404.75,8102416702.0,1.4324e+11,-0.0207240163738
sz399015,2015-12-25,3344.71,3368.07,3343.95,3379.42,5981095951.0,1.0614e+11,0.00812589327806
sz399015,2015-12-24,3326.78,3340.93,3268.04,3348.74,6358749458.0,1.10805e+11,2.843604733e-05
sz399015,2015-12-23,3396.52,3340.83,3332.91,3403.39,8571459301.0,1.51862e+11,-0.0161835875406
sz399015,2015-12-22,3367.96,3395.79,3346.86,3395.79,7886016450.0,1.36229e+11,0.010707447532
sz399015,2015-12-21,3331.05,3359.81,3322.0,3362.59,7913873040.0,1.39415e+11,0.00652781992684
sz399015,2015-12-18,3353.68,3338.02,3314.15,3365.19,8829019054.0,1.60655e+11,-0.00324257662263
sz399015,2015-12-17,3269.69,3348.88,3269.69,3348.88,9241196721.0,1.62705e+11,0.0298878061712
sz399015,2015-12-16,3233.43,3251.69,3229.97,3272.88,7046304353.0,1.27846e+11,0.00964218292017
sz399015,2015-12-15,3173.98,3220.64,3173.98,3231.67,6615061216.0,1.17665e+11,0.0173046405143
sz399015,2015-12-14,3091.26,3165.86,3081.71,3165.86,5876125251.0,1.01356e+11,0.0159722857368
sz399015,2015-12-11,3135.87,3116.09,3107.78,3147.71,5977396902.0,1.05051e+11,-0.00910290325566
sz399015,2015-12-10,3141.85,3144.71,3135.09,3177.78,6508251128.0,1.17266e+11,-0.000144666450038
sz399015,2015-12-09,3130.28,3145.17,3118.18,3167.56,6971225086.0,1.21553e+11,-0.00058944633671
sz399015,2015-12-08,3187.67,3147.02,3135.8,3194.48,8289771916.0,1.36612e+11,-0.0170477208122
sz399015,2015-12-07,3159.79,3201.6,3138.77,3201.6,7667239841.0,1.27975e+11,0.0151608209432
sz399015,2015-12-04,3142.71,3153.79,3126.55,3188.49,8075664962.0,1.35586e+11,0.00135544549992
sz399015,2015-12-03,3060.76,3149.52,3060.76,3149.52,6832963824.0,1.13738e+11,0.0304840940888
sz399015,2015-12-02,3097.33,3056.35,2960.24,3107.92,6933523836.0,1.10943e+11,-0.0173718267955
sz399015,2015-12-01,3113.97,3110.38,3068.71,3153.4,8141585238.0,1.32638e+11,-0.0030705512024
sz399015,2015-11-30,3091.66,3119.96,2931.4,3132.73,9593708991.0,1.52979e+11,0.00930807184811
sz399015,2015-11-27,3277.77,3091.19,3066.23,3299.9,10593356550.0,1.72571e+11,-0.06284442011
sz399015,2015-11-26,3331.22,3298.48,3290.89,3346.48,10313144450.0,1.76577e+11,-0.00604692537033
sz399015,2015-11-25,3245.66,3318.55,3244.4,3322.22,10029092760.0,1.67823e+11,0.0224325083741
sz399015,2015-11-24,3203.96,3245.74,3167.71,3245.74,8746873125.0,1.38443e+11,0.0113759446197
sz399015,2015-11-23,3238.06,3209.23,3195.31,3272.2,11856996310.0,1.87034e+11,-0.00662563652386
sz399015,2015-11-20,3173.98,3230.63,3173.54,3241.76,10427103390.0,1.77365e+11,0.0222244371352
sz399015,2015-11-19,3071.4,3160.4,3066.77,3160.4,8469073903.0,1.37012e+11,0.0325523726133
sz399015,2015-11-18,3117.93,3060.76,3053.76,3146.76,8545802695.0,1.33846e+11,-0.017606475768
sz399015,2015-11-17,3184.25,3115.62,3108.97,3206.3,11357835730.0,1.85551e+11,-0.0112379269482
sz399015,2015-11-16,3003.91,3151.03,2999.9,3151.03,8877024626.0,1.43629e+11,0.0275743770524
sz399015,2015-11-13,3091.68,3066.47,3022.64,3115.71,10606602660.0,1.73923e+11,-0.0201371533819
sz399015,2015-11-12,3124.69,3129.49,3077.79,3157.19,11211397850.0,1.85854e+11,0.00518283663947
sz399015,2015-11-11,3056.8,3113.35,3043.63,3118.44,10466044400.0,1.69979e+11,0.0200681300729
sz399015,2015-11-10,3003.94,3052.1,2992.15,3065.63,11216115260.0,1.76915e+11,0.0116481452694
sz399015,2015-11-09,2932.45,3016.96,2905.59,3028.6,11429271720.0,1.77169e+11,0.0219721777435
sz399015,2015-11-06,2876.46,2952.1,2876.46,2954.66,10327423990.0,1.54422e+11,0.0268056333325
sz399015,2015-11-05,2889.23,2875.03,2844.84,2919.98,11228388780.0,1.66891e+11,-0.00200568729329
sz399015,2015-11-04,2747.49,2880.81,2747.49,2880.81,9705762255.0,1.44985e+11,0.0540294708866
sz399015,2015-11-03,2745.86,2733.14,2711.33,2770.69,6748266248.0,99672748183.0,-0.00360405158686
sz399015,2015-11-02,2746.13,2743.02,2734.45,2834.82,8179503712.0,1.19299e+11,-0.0292654615461
sz399015,2015-10-30,2822.67,2825.72,2773.8,2866.98,9054956649.0,1.36508e+11,-0.00179242996841
sz399015,2015-10-29,2827.79,2830.79,2782.99,2862.44,8344192807.0,1.23884e+11,0.00748855860284
sz399015,2015-10-28,2849.25,2809.75,2796.92,2894.22,9698971330.0,1.47418e+11,-0.0230432548245
sz399015,2015-10-27,2834.74,2876.03,2730.87,2894.29,10118792500.0,1.50695e+11,0.00513782950207
sz399015,2015-10-26,2871.29,2861.33,2817.01,2888.36,11515949920.0,1.73304e+11,0.00826180397402
sz399015,2015-10-23,2767.28,2837.88,2760.72,2847.53,10812308170.0,1.6175e+11,0.0340059638236
sz399015,2015-10-22,2625.92,2744.55,2625.76,2746.18,9528911604.0,1.35603e+11,0.0413094203751
sz399015,2015-10-21,2812.93,2635.67,2626.6,2828.89,12208513790.0,1.71833e+11,-0.0622423823449
sz399015,2015-10-20,2749.21,2810.61,2741.87,2810.61,9609520843.0,1.34963e+11,0.0217992348709
sz399015,2015-10-19,2758.92,2750.65,2710.96,2771.42,9926546792.0,1.36698e+11,-4.6532340886e-05
sz399015,2015-10-16,2738.18,2750.78,2691.17,2757.08,10009056320.0,1.37993e+11,0.0127243334746
sz399015,2015-10-15,2613.78,2716.21,2613.78,2716.21,8668407397.0,1.18652e+11,0.032217010028
sz399015,2015-10-14,2655.97,2631.44,2623.51,2676.25,8234134499.0,1.13146e+11,-0.0398145656758
sz399015,2015-10-13,2676.03,2740.55,2667.79,2746.08,8490062462.0,1.15557e+11,0.0154226578788
sz399015,2015-10-12,2602.62,2698.93,2602.63,2718.58,9271534314.0,1.22871e+11,0.0722879580195
sz399015,2015-10-09,2473.2,2516.98,2467.91,2526.53,6598602489.0,87316163892.0,0.0162717963336
sz399015,2015-10-08,2453.49,2476.68,2432.97,2491.56,6148964278.0,79428964228.0,0.0407277048571
sz399015,2015-09-30,2385.85,2379.76,2352.76,2398.92,4148494859.0,53026326189.0,-0.0248495051239
sz399015,2015-09-29,2431.19,2440.4,2420.4,2472.49,4927772597.0,65598606687.0,0.0140892576874
sz399015,2015-09-28,2342.39,2406.49,2315.22,2407.49,4493722511.0,59665190369.0,0.00106775324467
sz399015,2015-09-25,2486.3,2403.93,2387.43,2502.72,6195686284.0,78046832502.0,-0.0121978409861
sz399015,2015-09-24,2417.33,2433.61,2401.6,2443.96,6207459629.0,82784389468.0,-0.0139434236389
sz399015,2015-09-23,2435.12,2468.02,2429.8,2498.78,6411092427.0,86665586531.0,-0.00482381619224
sz399015,2015-09-22,2475.44,2479.99,2442.93,2509.23,7458859807.0,98235196584.0,0.0321262247201
sz399015,2015-09-21,2276.41,2402.79,2269.11,2404.12,6075852573.0,80193726385.0,0.0126238194683
sz399015,2015-09-18,2350.41,2372.84,2322.1,2385.69,4979150251.0,64278400490.0,0.04221804077
sz399015,2015-09-17,2302.3,2276.72,2276.72,2379.43,7298235305.0,89833023867.0,-0.0121631202289
sz399015,2015-09-16,2170.99,2304.75,2166.45,2310.64,6085217483.0,68823724532.0,0.035116888623
sz399015,2015-09-15,2276.19,2226.56,2219.68,2324.78,5259968664.0,57749719315.0,-0.0539550087277
sz399015,2015-09-14,2536.57,2353.55,2348.02,2544.56,6170635672.0,73238729101.0,-0.0691657504857
sz399015,2015-09-11,2498.5,2528.43,2488.12,2543.88,5159407749.0,65731617995.0,0.00817366789429
sz399015,2015-09-10,2505.54,2507.93,2494.64,2555.9,6110036874.0,78549519624.0,0.0112876163486
sz399015,2015-09-09,2402.51,2479.94,2398.6,2484.87,8081224399.0,1.03611e+11,0.0391575074691
sz399015,2015-09-08,2266.71,2386.49,2256.24,2388.89,5135577059.0,61869905655.0,0.0459345342603
sz399015,2015-09-07,2269.18,2281.68,2261.02,2337.2,5565531042.0,66179830040.0,0.0186839822433
sz399015,2015-09-02,2219.35,2239.83,2212.66,2381.37,5840586770.0,66621518025.0,-0.0396339188859
sz399015,2015-09-01,2457.32,2332.27,2329.17,2457.32,5356190899.0,62186246808.0,-0.0628259838786
sz399015,2015-08-31,2575.05,2488.62,2488.09,2575.05,6318977646.0,82346550676.0,-0.0643659965078
sz399015,2015-08-28,2554.27,2659.82,2537.83,2659.82,7610814288.0,97872957479.0,0.0855760958114
sz399015,2015-08-27,2420.17,2450.15,2328.2,2455.03,6520460780.0,79845710657.0,0.0282089933057
sz399015,2015-08-26,2462.37,2382.93,2354.04,2543.97,8171309969.0,1.00009e+11,-0.0638402089204
sz399015,2015-08-25,2547.76,2545.43,2543.58,2603.99,4669670476.0,56345761881.0,-0.0705594235153
sz399015,2015-08-24,2823.9,2738.67,2738.6,2838.63,4366885795.0,57051188133.0,-0.0743916791532
sz399015,2015-08-21,3065.44,2958.78,2949.51,3098.95,6467794742.0,99791843616.0,-0.0287242989642
sz399015,2015-08-20,3106.64,3046.28,3043.1,3164.58,7496856370.0,1.20861e+11,-0.0553778977732
sz399015,2015-08-19,3045.82,3224.86,2979.15,3244.39,8889980862.0,1.36306e+11,0.0486531150049
sz399015,2015-08-18,3296.87,3075.24,3065.99,3302.72,10029372860.0,1.62762e+11,-0.0917376718857
sz399015,2015-08-17,3334.71,3385.85,3301.55,3386.38,8866600516.0,1.45406e+11,0.0120170082361
sz399015,2015-08-14,3340.83,3345.65,3319.08,3381.21,9033032523.0,1.49066e+11,0.00910442618851
sz399015,2015-08-13,3216.18,3315.46,3198.21,3315.46,7726364774.0,1.24656e+11,0.0530866522887
sz399015,2015-08-12,3164.01,3148.33,3147.9,3212.71,7851596579.0,1.27668e+11,-0.0141881901603
sz399015,2015-08-11,3175.81,3193.64,3162.76,3236.93,9594932842.0,1.55065e+11,-0.0189004185962
sz399015,2015-08-10,3145.7,3255.17,3139.08,3274.65,8761480053.0,1.42299e+11,0.0739503289486
sz399015,2015-08-07,2952.0,3031.02,2952.0,3031.02,7320920507.0,1.1738e+11,0.0363074341466
sz399015,2015-08-06,2864.52,2924.83,2854.07,2953.09,5669323846.0,86420795372.0,-0.0263191263775
sz399015,2015-08-05,3016.94,3003.89,2975.38,3073.32,7492888129.0,1.16007e+11,0.0232594826215
sz399015,2015-08-04,2780.71,2935.61,2776.35,2935.61,6772898403.0,99868569165.0,0.0551288788186
sz399015,2015-08-03,2879.67,2782.23,2761.94,2887.9,5909935260.0,84417090713.0,-0.0724586949267
sz399015,2015-07-31,3010.02,2999.57,2958.79,3081.4,6005137409.0,93538071818.0,-0.0201271155296
sz399015,2015-07-30,3135.51,3061.18,3056.01,3202.04,7840835142.0,1.2529e+11,-0.0293905163545
sz399015,2015-07-29,3069.71,3153.88,2947.09,3153.88,7724065376.0,1.21956e+11,0.0697276057389
sz399015,2015-07-28,2905.85,2948.3,2873.16,3081.9,9050033753.0,1.35626e+11,-0.0398878202884
sz399015,2015-07-27,3213.96,3070.79,3069.71,3304.56,9095927974.0,1.54589e+11,-0.0616069788769
sz399015,2015-07-24,3312.05,3272.39,3247.7,3364.85,10283437420.0,1.73369e+11,-0.0098168378907
sz399015,2015-07-23,3224.07,3304.83,3210.21,3313.84,9289225114.0,1.52551e+11,0.0269513066716
sz399015,2015-07-22,3185.97,3218.1,3135.99,3230.41,8650628525.0,1.38196e+11,-0.014900619173
sz399015,2015-07-21,3177.83,3266.78,3144.66,3288.63,8228783441.0,1.29208e+11,0.0488360079354
sz399015,2015-07-20,3062.87,3114.67,3040.36,3143.34,9026074676.0,1.398e+11,-0.000592809311293
sz399015,2015-07-17,2987.66,3116.52,2985.11,3131.45,7628739790.0,1.08667e+11,0.0482084894987
sz399015,2015-07-16,2873.67,2973.18,2812.88,3030.05,8478782483.0,1.13664e+11,0.010436521695
sz399015,2015-07-15,3058.39,2942.47,2933.51,3058.39,8025317787.0,1.09902e+11,-0.00184652354645
sz399015,2015-07-14,2945.4,2947.92,2924.97,2993.22,6305058996.0,91543469587.0,0.0239744513352
sz399015,2015-07-13,2847.58,2878.9,2834.37,2879.06,4734665108.0,66278995083.0,0.00902674572894
sz399015,2015-07-10,2819.99,2853.14,2815.06,2853.14,2579714497.0,32133847871.0,0.0541807638861
sz399015,2015-07-09,2605.35,2706.5,2605.35,2706.5,4351068886.0,45334618484.0,0.0244858082471
sz399015,2015-07-08,2610.62,2641.82,2610.49,2647.8,4873848462.0,54155950926.0,-0.0180389369847
sz399015,2015-07-07,2736.71,2690.35,2690.08,2741.11,2943260500.0,31405664313.0,-0.0491907854792
sz399015,2015-07-06,3136.19,2829.53,2794.37,3136.19,8366097782.0,1.12926e+11,-0.0466606739029
sz399015,2015-07-03,3023.9,2968.02,2944.98,3170.03,6656811311.0,95650528690.0,-0.05867114492
sz399015,2015-07-02,3323.43,3153.02,3137.99,3348.34,7019294127.0,1.11786e+11,-0.0871389873354
sz399015,2015-07-01,3610.04,3453.99,3436.25,3722.25,7802269972.0,1.45446e+11,-0.0517692312
sz399015,2015-06-30,3392.49,3642.57,3264.49,3645.47,9108369028.0,1.53942e+11,0.0386726329274
sz399015,2015-06-29,3811.81,3506.94,3475.83,3817.1,7447541091.0,1.26532e+11,-0.0671944600816
sz399015,2015-06-26,3935.84,3759.56,3755.74,3938.85,6021509069.0,1.13563e+11,-0.0523521655632
sz399015,2015-06-25,4138.8,3967.26,3914.72,4141.51,7509416609.0,1.55636e+11,-0.0374286489311
sz399015,2015-06-24,4088.1,4121.52,4009.4,4148.29,7026779244.0,1.4731e+11,0.0181454461733
sz399015,2015-06-23,4039.75,4048.07,3803.47,4093.64,6610476094.0,1.33206e+11,-0.00198268784624
sz399015,2015-06-19,4213.52,4056.11,4044.99,4246.59,6353817334.0,1.35494e+11,-0.062276686995
sz399015,2015-06-18,4456.28,4325.49,4310.3,4490.19,7295993618.0,1.64228e+11,-0.0552300148877
sz399015,2015-06-17,4478.81,4578.35,4336.44,4589.24,7558060824.0,1.70983e+11,0.0465870105099
sz399015,2015-06-16,4485.35,4374.55,4336.34,4485.35,8331929973.0,1.92464e+11,-0.0374184417388
sz399015,2015-06-15,4648.41,4544.6,4534.72,4655.91,9381146745.0,2.20096e+11,-0.0440299686223
sz399015,2015-06-12,4695.32,4753.92,4694.44,4776.72,9245846526.0,2.1868e+11,0.0434580931608
sz399015,2015-06-11,4470.09,4555.93,4468.49,4556.2,8461346866.0,1.95274e+11,0.0198477277581
sz399015,2015-06-10,4346.21,4467.26,4302.4,4505.92,8495211123.0,1.92326e+11,-0.00170303897785
sz399015,2015-06-09,4460.94,4474.88,4414.68,4513.4,8214423333.0,1.792e+11,-0.00184170044229
sz399015,2015-06-08,4583.61,4483.14,4442.23,4583.2,9888020801.0,2.2258e+11,-0.0240998902272
sz399015,2015-06-05,4609.44,4593.85,4493.68,4652.24,10864546750.0,2.49988e+11,0.0115509036697
sz399015,2015-06-04,4560.51,4541.39,4288.51,4584.84,9752801093.0,2.24314e+11,-0.00385108370885
sz399015,2015-06-03,4556.15,4558.95,4434.18,4590.1,10119152380.0,2.329e+11,0.00789090535828
sz399015,2015-06-02,4381.98,4523.26,4369.99,4523.3,10474685170.0,2.28175e+11,0.0690314083042
sz399015,2015-06-01,4067.27,4231.17,4067.27,4231.17,9291074022.0,2.00521e+11,0.0509643337592
sz399015,2015-05-29,3950.64,4025.99,3777.51,4089.75,10317318720.0,2.16974e+11,-0.00887521268544
sz399015,2015-05-28,4299.39,4062.04,4060.57,4371.28,12125002600.0,2.59077e+11,-0.0296710376389
sz399015,2015-05-27,4143.16,4186.25,4052.3,4200.89,10919490150.0,2.40523e+11,-0.00838843952456
sz399015,2015-05-26,4077.95,4221.67,4077.95,4221.67,10350864900.0,2.21014e+11,0.0410031228117
sz399015,2015-05-25,3947.77,4055.38,3911.37,4064.26,10318456720.0,2.1298e+11,0.0124670205414
sz399015,2015-05-22,4057.07,4005.45,3919.57,4081.12,11147973020.0,2.35501e+11,0.00531578157023
sz399015,2015-05-21,3862.57,3984.27,3862.57,3984.27,9324884111.0,1.96015e+11,0.0668159055182
sz399015,2015-05-20,3656.96,3734.73,3656.96,3790.19,9894375409.0,1.99288e+11,0.00435386048123
sz399015,2015-05-19,3647.22,3718.54,3625.78,3718.85,8084169644.0,1.65755e+11,0.0539004109276
sz399015,2015-05-18,3431.2,3528.36,3426.89,3531.9,7553612625.0,1.52257e+11,0.0298957540971
sz399015,2015-05-15,3418.49,3425.94,3363.86,3454.73,7882981491.0,1.5101e+11,-0.000421021182063
sz399015,2015-05-14,3402.41,3427.38,3389.78,3441.19,8274341445.0,1.57978e+11,-0.0141620148024
sz399015,2015-05-13,3428.41,3476.62,3390.07,3515.79,8415910745.0,1.63349e+11,0.00768799654827
sz399015,2015-05-12,3393.83,3450.09,3367.41,3450.09,8697023437.0,1.70709e+11,0.0252529974176
sz399015,2015-05-11,3255.12,3365.11,3245.86,3365.11,7960891808.0,1.54192e+11,0.0491467372917
sz399015,2015-05-08,3098.9,3207.48,3098.75,3207.48,6280386474.0,1.15792e+11,0.0469631122233
sz399015,2015-05-07,3111.44,3063.6,3056.73,3127.04,5469886761.0,94994606673.0,-0.0181996469544
sz399015,2015-05-06,3147.08,3120.39,3103.79,3214.75,6718968768.0,1.19142e+11,-0.00483021161776
sz399015,2015-05-05,3210.52,3135.54,3117.6,3216.11,7430321586.0,1.249e+11,-0.0217326701304
sz399015,2015-05-04,3181.38,3205.19,3145.95,3206.3,6087531240.0,1.08548e+11,0.0364316625207
sz399015,2015-04-30,3087.21,3092.53,3087.21,3129.28,6831592899.0,1.21035e+11,-0.0174578034774
sz399015,2015-04-29,3061.65,3147.48,3053.36,3150.8,6467794914.0,1.10387e+11,0.0258728658497
sz399015,2015-04-28,3173.81,3068.09,3037.58,3173.71,8138225986.0,1.34867e+11,-0.0330757322287
sz399015,2015-04-27,3188.52,3173.05,3150.24,3211.38,8470872026.0,1.47207e+11,0.028065628075
sz399015,2015-04-24,3049.17,3086.42,3022.79,3094.32,8547674840.0,1.45097e+11,-0.0228884397901
sz399015,2015-04-23,3136.0,3158.72,3116.76,3174.91,9131902424.0,1.54971e+11,0.0118986916395
sz399015,2015-04-22,3058.05,3121.58,3057.59,3121.91,8532602213.0,1.40423e+11,0.0307087006499
sz399015,2015-04-21,2917.86,3028.57,2917.77,3028.57,6779403494.0,1.10829e+11,0.0391944176069
sz399015,2015-04-20,2978.67,2914.35,2904.74,2990.75,8304758894.0,1.33475e+11,-0.0241564047928
sz399015,2015-04-17,3006.89,2986.49,2972.37,3022.16,7480555047.0,1.24189e+11,0.00139605699319
sz399015,2015-04-16,2917.8,2982.33,2881.45,3019.21,6449655802.0,1.10168e+11,0.0086706709621
sz399015,2015-04-15,3064.27,2956.69,2949.22,3064.27,7457325287.0,1.26375e+11,-0.0376320558131
sz399015,2015-04-14,3075.82,3072.31,3045.68,3104.5,8311586078.0,1.45673e+11,-0.000139256964671
sz399015,2015-04-13,3017.37,3072.74,3008.76,3080.55,8443953786.0,1.48461e+11,0.0229751671399
sz399015,2015-04-10,2911.42,3003.73,2895.75,3009.53,7325607709.0,1.28302e+11,0.0257507437799
sz399015,2015-04-09,2954.32,2928.32,2809.11,2954.32,8339867303.0,1.40919e+11,-0.0106108524628
sz399015,2015-04-08,3010.71,2959.72,2897.04,3011.32,9138435391.0,1.5764e+11,-0.014121459817
sz399015,2015-04-07,2947.19,3002.12,2947.19,3002.12,8788232684.0,1.52572e+11,0.0474366032857
sz399015,2015-04-03,2798.54,2866.16,2784.69,2866.28,8412119914.0,1.45213e+11,-0.0038322885271
sz399015,2015-04-02,2810.57,2877.18,2810.57,2877.18,8429371539.0,1.40281e+11,0.0285724275082
sz399015,2015-04-01,2720.78,2797.26,2720.78,2799.03,7326413958.0,1.23581e+11,0.0276554731075
sz399015,2015-03-31,2709.06,2721.98,2692.28,2746.54,7567149055.0,1.21259e+11,0.00557926551295
sz399015,2015-03-30,2706.01,2706.88,2690.31,2716.63,7547615733.0,1.19959e+11,0.0023388824102
sz399015,2015-03-27,2663.57,2700.56,2661.38,2700.96,6223659720.0,1.00482e+11,0.0126901482277
sz399015,2015-03-26,2702.94,2666.72,2642.89,2721.53,8221270395.0,1.37734e+11,-0.0172809632136
sz399015,2015-03-25,2670.8,2713.62,2653.47,2727.72,8814918042.0,1.41096e+11,0.0165017988896
sz399015,2015-03-24,2651.95,2669.56,2567.25,2671.22,10340321090.0,1.58574e+11,